,Jour ,Heure  ,Extérieur,Cumul puissance,,Déperditions,30000,W,,SI(D5<$H$4;$H$8*($H$4-D5);0)
,,,T (°C),Chauffage (W),,Température intérieur de base,19,°C,,
janvier,1,1,-4,26538.46154,,,,,,
,1,2,-4.1,26653.84615,,Température extérieure de base,-7,°C,,
,1,3,-4.3,26884.61538,,,,,,
,1,4,-4.5,27115.38462,,Déperditions par °C,1153.846154,W/°C,,
,1,5,-4.6,27230.76923,,Ville,Bourges,,,
,1,6,-4.7,27346.15385,,,,,,
,1,7,-4.7,27346.15385,,,,,,
,1,8,-4.8,27461.53846,,,,,,
,1,9,-4.8,27461.53846,,,,,,
,1,10,-4,26538.46154,,,,,,
,1,11,-4,26538.46154,,,,,,
,1,12,-3.4,25846.15385,,,,,,
,1,13,-2.2,24461.53846,,,,,,
,1,14,-1.5,23653.84615,,,,,,
,1,15,-0.1,22038.46154,,,,,,
,1,16,-0.2,22153.84615,,,,,,
,1,17,-0.8,22846.15385,,,,,,
,1,18,-1.5,23653.84615,,,,,,
,1,19,-1.6,23769.23077,,,,,,
,1,20,-1.7,23884.61538,,,,,,
,1,21,-1.8,24000,,,,,,
,1,22,-1.9,24115.38462,,,,,,
,1,23,-1.9,24115.38462,,,,,,
,1,24,-2,24230.76923,,,,,,
,2,1,-2.2,24461.53846,,,,,,
,2,2,-2.2,24461.53846,,,,,,
,2,3,-2.3,24576.92308,,,,,,
,2,4,-2.4,24692.30769,,,,,,
,2,5,-2.4,24692.30769,,,,,,
,2,6,-2.4,24692.30769,,,,,,
,2,7,-2.4,24692.30769,,,,,,
,2,8,-2.4,24692.30769,,,,,,
,2,9,-2.4,24692.30769,,,,,,
,2,10,-1.4,23538.46154,,,,,,
,2,11,-0.2,22153.84615,,,,,,
,2,12,1,20769.23077,,,,,,
,2,13,1.9,19730.76923,,,,,,
,2,14,2.5,19038.46154,,,,,,
,2,15,2.4,19153.84615,,,,,,
,2,16,1.8,19846.15385,,,,,,
,2,17,1.1,20653.84615,,,,,,
,2,18,0.5,21346.15385,,,,,,
,2,19,0.3,21576.92308,,,,,,
,2,20,0.2,21692.30769,,,,,,
,2,21,0,21923.07692,,,,,,
,2,22,-0.2,22153.84615,,,,,,
,2,23,-0.3,22269.23077,,,,,,
,2,24,-0.6,22615.38462,,,,,,
,3,1,-0.8,22846.15385,,,,,,
,3,2,-1.1,23192.30769,,,,,,
,3,3,-1.5,23653.84615,,,,,,
,3,4,-1.8,24000,,,,,,
,3,5,-1.9,24115.38462,,,,,,
,3,6,-2,24230.76923,,,,,,
,3,7,-2.1,24346.15385,,,,,,
,3,8,-2.2,24461.53846,,,,,,
,3,9,-2.3,24576.92308,,,,,,
,3,10,-2.3,24576.92308,,,,,,
,3,11,-2.3,24576.92308,,,,,,
,3,12,-2.3,24576.92308,,,,,,
,3,13,-2.3,24576.92308,,,,,,
,3,14,-2.4,24692.30769,,,,,,
,3,15,-2.4,24692.30769,,,,,,
,3,16,-2.4,24692.30769,,,,,,
,3,17,-2.5,24807.69231,,,,,,
,3,18,-2.6,24923.07692,,,,,,
,3,19,-2.7,25038.46154,,,,,,
,3,20,-2.9,25269.23077,,,,,,
,3,21,-3.2,25615.38462,,,,,,
,3,22,-3.5,25961.53846,,,,,,
,3,23,-3.6,26076.92308,,,,,,
,3,24,-4.2,26769.23077,,,,,,
,4,1,-3.9,26423.07692,,,,,,
,4,2,-4,26538.46154,,,,,,
,4,3,-4.2,26769.23077,,,,,,
,4,4,-4.6,27230.76923,,,,,,
,4,5,-4.2,26769.23077,,,,,,
,4,6,-4.3,26884.61538,,,,,,
,4,7,-4.3,26884.61538,,,,,,
,4,8,-4.4,27000,,,,,,
,4,9,-4.4,27000,,,,,,
,4,10,-4.3,26884.61538,,,,,,
,4,11,-4.2,26769.23077,,,,,,
,4,12,-4,26538.46154,,,,,,
,4,13,-4,26538.46154,,,,,,
,4,14,-3.9,26423.07692,,,,,,
,4,15,-3.9,26423.07692,,,,,,
,4,16,-4,26538.46154,,,,,,
,4,17,-4,26538.46154,,,,,,
,4,18,-4.2,26769.23077,,,,,,
,4,19,-4.1,26653.84615,,,,,,
,4,20,-4.1,26653.84615,,,,,,
,4,21,-4,26538.46154,,,,,,
,4,22,-4,26538.46154,,,,,,
,4,23,-3.9,26423.07692,,,,,,
,4,24,-3.9,26423.07692,,,,,,
,5,1,-3.8,26307.69231,,,,,,
,5,2,-3.7,26192.30769,,,,,,
,5,3,-3.6,26076.92308,,,,,,
,5,4,-3.5,25961.53846,,,,,,
,5,5,-3.4,25846.15385,,,,,,
,5,6,-3.3,25730.76923,,,,,,
,5,7,-3.2,25615.38462,,,,,,
,5,8,-3.1,25500,,,,,,
,5,9,-3,25384.61538,,,,,,
,5,10,-1,23076.92308,,,,,,
,5,11,1.5,20192.30769,,,,,,
,5,12,4,17307.69231,,,,,,
,5,13,5.8,15230.76923,,,,,,
,5,14,7.1,13730.76923,,,,,,
,5,15,7.7,13038.46154,,,,,,
,5,16,7.4,13384.61538,,,,,,
,5,17,6.1,14884.61538,,,,,,
,5,18,4.6,16615.38462,,,,,,
,5,19,4.5,16730.76923,,,,,,
,5,20,4.5,16730.76923,,,,,,
,5,21,4.4,16846.15385,,,,,,
,5,22,4.3,16961.53846,,,,,,
,5,23,4.3,16961.53846,,,,,,
,5,24,4.2,17076.92308,,,,,,
,6,1,3.9,17423.07692,,,,,,
,6,2,3.6,17769.23077,,,,,,
,6,3,3.3,18115.38462,,,,,,
,6,4,3.1,18346.15385,,,,,,
,6,5,3,18461.53846,,,,,,
,6,6,2.9,18576.92308,,,,,,
,6,7,2.8,18692.30769,,,,,,
,6,8,2.7,18807.69231,,,,,,
,6,9,2.8,18692.30769,,,,,,
,6,10,4.5,16730.76923,,,,,,
,6,11,6.5,14423.07692,,,,,,
,6,12,8.6,12000,,,,,,
,6,13,10.2,10153.84615,,,,,,
,6,14,11.4,8769.230769,,,,,,
,6,15,12.1,7961.538462,,,,,,
,6,16,12.1,7961.538462,,,,,,
,6,17,11,9230.769231,,,,,,
,6,18,9.6,10846.15385,,,,,,
,6,19,8.9,11653.84615,,,,,,
,6,20,8.3,12346.15385,,,,,,
,6,21,7.6,13153.84615,,,,,,
,6,22,6.9,13961.53846,,,,,,
,6,23,6.3,14653.84615,,,,,,
,6,24,5.6,15461.53846,,,,,,
,7,1,4.9,16269.23077,,,,,,
,7,2,4,17307.69231,,,,,,
,7,3,3.2,18230.76923,,,,,,
,7,4,2.7,18807.69231,,,,,,
,7,5,2.3,19269.23077,,,,,,
,7,6,1.8,19846.15385,,,,,,
,7,7,1.5,20192.30769,,,,,,
,7,8,1.2,20538.46154,,,,,,
,7,9,1.2,20538.46154,,,,,,
,7,10,2.8,18692.30769,,,,,,
,7,11,4.8,16384.61538,,,,,,
,7,12,6.8,14076.92308,,,,,,
,7,13,8.4,12230.76923,,,,,,
,7,14,9.4,11076.92308,,,,,,
,7,15,9.7,10730.76923,,,,,,
,7,16,9.4,11076.92308,,,,,,
,7,17,8.2,12461.53846,,,,,,
,7,18,6.8,14076.92308,,,,,,
,7,19,6.3,14653.84615,,,,,,
,7,20,5.9,15115.38462,,,,,,
,7,21,5.4,15692.30769,,,,,,
,7,22,5,16153.84615,,,,,,
,7,23,4.6,16615.38462,,,,,,
,7,24,4.1,17192.30769,,,,,,
,8,1,3.9,17423.07692,,,,,,
,8,2,3.7,17653.84615,,,,,,
,8,3,3.6,17769.23077,,,,,,
,8,4,3.5,17884.61538,,,,,,
,8,5,3.4,18000,,,,,,
,8,6,3.3,18115.38462,,,,,,
,8,7,3.2,18230.76923,,,,,,
,8,8,3.1,18346.15385,,,,,,
,8,9,3.2,18230.76923,,,,,,
,8,10,5.3,15807.69231,,,,,,
,8,11,6.3,14653.84615,,,,,,
,8,12,7.3,13500,,,,,,
,8,13,7.7,13038.46154,,,,,,
,8,14,7.7,13038.46154,,,,,,
,8,15,8.3,12346.15385,,,,,,
,8,16,7.9,12807.69231,,,,,,
,8,17,7.1,13730.76923,,,,,,
,8,18,6.3,14653.84615,,,,,,
,8,19,6.2,14769.23077,,,,,,
,8,20,5.9,15115.38462,,,,,,
,8,21,5.8,15230.76923,,,,,,
,8,22,5.7,15346.15385,,,,,,
,8,23,5.5,15576.92308,,,,,,
,8,24,5.3,15807.69231,,,,,,
,9,1,5.2,15923.07692,,,,,,
,9,2,4.9,16269.23077,,,,,,
,9,3,4.7,16500,,,,,,
,9,4,4.6,16615.38462,,,,,,
,9,5,4.4,16846.15385,,,,,,
,9,6,4.3,16961.53846,,,,,,
,9,7,4.2,17076.92308,,,,,,
,9,8,4.1,17192.30769,,,,,,
,9,9,4.1,17192.30769,,,,,,
,9,10,4.4,16846.15385,,,,,,
,9,11,4.8,16384.61538,,,,,,
,9,12,5.2,15923.07692,,,,,,
,9,13,5.5,15576.92308,,,,,,
,9,14,5.8,15230.76923,,,,,,
,9,15,5.9,15115.38462,,,,,,
,9,16,5.8,15230.76923,,,,,,
,9,17,5.5,15576.92308,,,,,,
,9,18,5.2,15923.07692,,,,,,
,9,19,5.4,15692.30769,,,,,,
,9,20,5.5,15576.92308,,,,,,
,9,21,6,15000,,,,,,
,9,22,6.3,14653.84615,,,,,,
,9,23,6.6,14307.69231,,,,,,
,9,24,6.9,13961.53846,,,,,,
,10,1,7,13846.15385,,,,,,
,10,2,6.9,13961.53846,,,,,,
,10,3,7.3,13500,,,,,,
,10,4,7.5,13269.23077,,,,,,
,10,5,7.6,13153.84615,,,,,,
,10,6,7.7,13038.46154,,,,,,
,10,7,7.7,13038.46154,,,,,,
,10,8,7.8,12923.07692,,,,,,
,10,9,7.9,12807.69231,,,,,,
,10,10,8.3,12346.15385,,,,,,
,10,11,8.7,11884.61538,,,,,,
,10,12,9.1,11423.07692,,,,,,
,10,13,9.5,10961.53846,,,,,,
,10,14,9.7,10730.76923,,,,,,
,10,15,9.8,10615.38462,,,,,,
,10,16,9.8,10615.38462,,,,,,
,10,17,9.6,10846.15385,,,,,,
,10,18,9.4,11076.92308,,,,,,
,10,19,9.3,11192.30769,,,,,,
,10,20,9.3,11192.30769,,,,,,
,10,21,9.2,11307.69231,,,,,,
,10,22,9,11538.46154,,,,,,
,10,23,9.1,11423.07692,,,,,,
,10,24,9,11538.46154,,,,,,
,11,1,8.8,11769.23077,,,,,,
,11,2,8.6,12000,,,,,,
,11,3,8.4,12230.76923,,,,,,
,11,4,8.2,12461.53846,,,,,,
,11,5,8.1,12576.92308,,,,,,
,11,6,8,12692.30769,,,,,,
,11,7,7.8,12923.07692,,,,,,
,11,8,7.8,12923.07692,,,,,,
,11,9,7.8,12923.07692,,,,,,
,11,10,7.8,12923.07692,,,,,,
,11,11,8.3,12346.15385,,,,,,
,11,12,8.6,12000,,,,,,
,11,13,8.8,11769.23077,,,,,,
,11,14,8.9,11653.84615,,,,,,
,11,15,8.9,11653.84615,,,,,,
,11,16,8.9,11653.84615,,,,,,
,11,17,8.7,11884.61538,,,,,,
,11,18,8.5,12115.38462,,,,,,
,11,19,8.3,12346.15385,,,,,,
,11,20,8,12692.30769,,,,,,
,11,21,7.8,12923.07692,,,,,,
,11,22,7.6,13153.84615,,,,,,
,11,23,7.3,13500,,,,,,
,11,24,7.1,13730.76923,,,,,,
,12,1,6.3,14653.84615,,,,,,
,12,2,5.4,15692.30769,,,,,,
,12,3,4.5,16730.76923,,,,,,
,12,4,4.1,17192.30769,,,,,,
,12,5,3.6,17769.23077,,,,,,
,12,6,3.1,18346.15385,,,,,,
,12,7,2.8,18692.30769,,,,,,
,12,8,2.5,19038.46154,,,,,,
,12,9,2.4,19153.84615,,,,,,
,12,10,3.9,17423.07692,,,,,,
,12,11,5.8,15230.76923,,,,,,
,12,12,7.6,13153.84615,,,,,,
,12,13,9,11538.46154,,,,,,
,12,14,9.9,10500,,,,,,
,12,15,10.2,10153.84615,,,,,,
,12,16,9.9,10500,,,,,,
,12,17,8.8,11769.23077,,,,,,
,12,18,7.5,13269.23077,,,,,,
,12,19,7.1,13730.76923,,,,,,
,12,20,6.7,14192.30769,,,,,,
,12,21,6.3,14653.84615,,,,,,
,12,22,5.9,15115.38462,,,,,,
,12,23,5.5,15576.92308,,,,,,
,12,24,5.2,15923.07692,,,,,,
,13,1,5.1,16038.46154,,,,,,
,13,2,5,16153.84615,,,,,,
,13,3,5,16153.84615,,,,,,
,13,4,5,16153.84615,,,,,,
,13,5,5,16153.84615,,,,,,
,13,6,5,16153.84615,,,,,,
,13,7,5,16153.84615,,,,,,
,13,8,5.1,16038.46154,,,,,,
,13,9,5.2,15923.07692,,,,,,
,13,10,7.2,13615.38462,,,,,,
,13,11,9.9,10500,,,,,,
,13,12,12.5,7500,,,,,,
,13,13,14.3,5423.076923,,,,,,
,13,14,14.8,4846.153846,,,,,,
,13,15,15.1,4500,,,,,,
,13,16,14.7,4961.538462,,,,,,
,13,17,13.6,6230.769231,,,,,,
,13,18,12.2,7846.153846,,,,,,
,13,19,11.9,8192.307692,,,,,,
,13,20,11.5,8653.846154,,,,,,
,13,21,11.2,9000,,,,,,
,13,22,10.8,9461.538462,,,,,,
,13,23,10.5,9807.692308,,,,,,
,13,24,10.1,10269.23077,,,,,,
,14,1,9.6,10846.15385,,,,,,
,14,2,8.9,11653.84615,,,,,,
,14,3,8.3,12346.15385,,,,,,
,14,4,7.9,12807.69231,,,,,,
,14,5,7.6,13153.84615,,,,,,
,14,6,7.2,13615.38462,,,,,,
,14,7,7,13846.15385,,,,,,
,14,8,6.7,14192.30769,,,,,,
,14,9,6.7,14192.30769,,,,,,
,14,10,7.3,13500,,,,,,
,14,11,7.9,12807.69231,,,,,,
,14,12,8.7,11884.61538,,,,,,
,14,13,9.1,11423.07692,,,,,,
,14,14,9.3,11192.30769,,,,,,
,14,15,9.2,11307.69231,,,,,,
,14,16,8.6,12000,,,,,,
,14,17,8.1,12576.92308,,,,,,
,14,18,7.6,13153.84615,,,,,,
,14,19,7.5,13269.23077,,,,,,
,14,20,7.2,13615.38462,,,,,,
,14,21,7.3,13500,,,,,,
,14,22,7.2,13615.38462,,,,,,
,14,23,7.1,13730.76923,,,,,,
,14,24,6.9,13961.53846,,,,,,
,15,1,7.1,13730.76923,,,,,,
,15,2,7.3,13500,,,,,,
,15,3,7.5,13269.23077,,,,,,
,15,4,7.7,13038.46154,,,,,,
,15,5,7.8,12923.07692,,,,,,
,15,6,8,12692.30769,,,,,,
,15,7,8.1,12576.92308,,,,,,
,15,8,8.3,12346.15385,,,,,,
,15,9,8.4,12230.76923,,,,,,
,15,10,9.7,10730.76923,,,,,,
,15,11,11.3,8884.615385,,,,,,
,15,12,12.8,7153.846154,,,,,,
,15,13,14.1,5653.846154,,,,,,
,15,14,14.9,4730.769231,,,,,,
,15,15,14.2,5538.461538,,,,,,
,15,16,14.2,5538.461538,,,,,,
,15,17,14.7,4961.538462,,,,,,
,15,18,13.8,6000,,,,,,
,15,19,13.5,6346.153846,,,,,,
,15,20,13.1,6807.692308,,,,,,
,15,21,12.8,7153.846154,,,,,,
,15,22,12.5,7500,,,,,,
,15,23,12.2,7846.153846,,,,,,
,15,24,11.8,8307.692308,,,,,,
,16,1,11.2,9000,,,,,,
,16,2,10.1,10269.23077,,,,,,
,16,3,9.6,10846.15385,,,,,,
,16,4,9.4,11076.92308,,,,,,
,16,5,8.9,11653.84615,,,,,,
,16,6,8.5,12115.38462,,,,,,
,16,7,8.2,12461.53846,,,,,,
,16,8,7.9,12807.69231,,,,,,
,16,9,7.8,12923.07692,,,,,,
,16,10,7.6,13153.84615,,,,,,
,16,11,7.3,13500,,,,,,
,16,12,7.1,13730.76923,,,,,,
,16,13,7,13846.15385,,,,,,
,16,14,6.8,14076.92308,,,,,,
,16,15,6.7,14192.30769,,,,,,
,16,16,7.1,13730.76923,,,,,,
,16,17,7,13846.15385,,,,,,
,16,18,7.1,13730.76923,,,,,,
,16,19,6.7,14192.30769,,,,,,
,16,20,6.3,14653.84615,,,,,,
,16,21,5.9,15115.38462,,,,,,
,16,22,5.5,15576.92308,,,,,,
,16,23,5.1,16038.46154,,,,,,
,16,24,4.7,16500,,,,,,
,17,1,4.5,16730.76923,,,,,,
,17,2,4.7,16500,,,,,,
,17,3,4.7,16500,,,,,,
,17,4,4.8,16384.61538,,,,,,
,17,5,4.9,16269.23077,,,,,,
,17,6,4.9,16269.23077,,,,,,
,17,7,5,16153.84615,,,,,,
,17,8,5.1,16038.46154,,,,,,
,17,9,5.2,15923.07692,,,,,,
,17,10,5.5,15576.92308,,,,,,
,17,11,6,15000,,,,,,
,17,12,6.5,14423.07692,,,,,,
,17,13,6.8,14076.92308,,,,,,
,17,14,9,11538.46154,,,,,,
,17,15,10.4,9923.076923,,,,,,
,17,16,11,9230.769231,,,,,,
,17,17,10.9,9346.153846,,,,,,
,17,18,10.1,10269.23077,,,,,,
,17,19,9.6,10846.15385,,,,,,
,17,20,9,11538.46154,,,,,,
,17,21,8.5,12115.38462,,,,,,
,17,22,7.9,12807.69231,,,,,,
,17,23,7.4,13384.61538,,,,,,
,17,24,6.8,14076.92308,,,,,,
,18,1,6,15000,,,,,,
,18,2,4.9,16269.23077,,,,,,
,18,3,3.9,17423.07692,,,,,,
,18,4,3.3,18115.38462,,,,,,
,18,5,2.7,18807.69231,,,,,,
,18,6,2.2,19384.61538,,,,,,
,18,7,1.7,19961.53846,,,,,,
,18,8,1.3,20423.07692,,,,,,
,18,9,1.1,20653.84615,,,,,,
,18,10,0.8,21000,,,,,,
,18,11,0.5,21346.15385,,,,,,
,18,12,0.2,21692.30769,,,,,,
,18,13,-0.1,22038.46154,,,,,,
,18,14,-0.3,22269.23077,,,,,,
,18,15,-0.5,22500,,,,,,
,18,16,0,21923.07692,,,,,,
,18,17,-0.1,22038.46154,,,,,,
,18,18,0,21923.07692,,,,,,
,18,19,-0.3,22269.23077,,,,,,
,18,20,-0.6,22615.38462,,,,,,
,18,21,-0.9,22961.53846,,,,,,
,18,22,-1.1,23192.30769,,,,,,
,18,23,-1.6,23769.23077,,,,,,
,18,24,-1.7,23884.61538,,,,,,
,19,1,-1.3,23423.07692,,,,,,
,19,2,-0.9,22961.53846,,,,,,
,19,3,-0.6,22615.38462,,,,,,
,19,4,-0.7,22730.76923,,,,,,
,19,5,-0.1,22038.46154,,,,,,
,19,6,0.2,21692.30769,,,,,,
,19,7,0.4,21461.53846,,,,,,
,19,8,0.6,21230.76923,,,,,,
,19,9,0.7,21115.38462,,,,,,
,19,10,1.2,20538.46154,,,,,,
,19,11,1.7,19961.53846,,,,,,
,19,12,2.2,19384.61538,,,,,,
,19,13,2.6,18923.07692,,,,,,
,19,14,2.9,18576.92308,,,,,,
,19,15,3.1,18346.15385,,,,,,
,19,16,3.1,18346.15385,,,,,,
,19,17,3,18461.53846,,,,,,
,19,18,2.7,18807.69231,,,,,,
,19,19,2.8,18692.30769,,,,,,
,19,20,2.8,18692.30769,,,,,,
,19,21,2.9,18576.92308,,,,,,
,19,22,2.9,18576.92308,,,,,,
,19,23,2.9,18576.92308,,,,,,
,19,24,2.9,18576.92308,,,,,,
,20,1,2.8,18692.30769,,,,,,
,20,2,2.6,18923.07692,,,,,,
,20,3,2.3,19269.23077,,,,,,
,20,4,2.1,19500,,,,,,
,20,5,2.2,19384.61538,,,,,,
,20,6,2,19615.38462,,,,,,
,20,7,2,19615.38462,,,,,,
,20,8,1.9,19730.76923,,,,,,
,20,9,1.9,19730.76923,,,,,,
,20,10,2,19615.38462,,,,,,
,20,11,2.1,19500,,,,,,
,20,12,2.2,19384.61538,,,,,,
,20,13,2.3,19269.23077,,,,,,
,20,14,2.3,19269.23077,,,,,,
,20,15,2.3,19269.23077,,,,,,
,20,16,2.2,19384.61538,,,,,,
,20,17,2.2,19384.61538,,,,,,
,20,18,2.1,19500,,,,,,
,20,19,1.8,19846.15385,,,,,,
,20,20,1.7,19961.53846,,,,,,
,20,21,1.2,20538.46154,,,,,,
,20,22,0.5,21346.15385,,,,,,
,20,23,1,20769.23077,,,,,,
,20,24,0.9,20884.61538,,,,,,
,21,1,0.5,21346.15385,,,,,,
,21,2,-0.1,22038.46154,,,,,,
,21,3,-0.7,22730.76923,,,,,,
,21,4,-1,23076.92308,,,,,,
,21,5,-1.3,23423.07692,,,,,,
,21,6,-1.6,23769.23077,,,,,,
,21,7,-1.8,24000,,,,,,
,21,8,-2,24230.76923,,,,,,
,21,9,-2,24230.76923,,,,,,
,21,10,-1.8,24000,,,,,,
,21,11,-0.1,22038.46154,,,,,,
,21,12,1.2,20538.46154,,,,,,
,21,13,1.9,19730.76923,,,,,,
,21,14,3.5,17884.61538,,,,,,
,21,15,3.9,17423.07692,,,,,,
,21,16,4.1,17192.30769,,,,,,
,21,17,3.6,17769.23077,,,,,,
,21,18,2.6,18923.07692,,,,,,
,21,19,1.9,19730.76923,,,,,,
,21,20,1.3,20423.07692,,,,,,
,21,21,0.6,21230.76923,,,,,,
,21,22,-0.1,22038.46154,,,,,,
,21,23,-0.7,22730.76923,,,,,,
,21,24,-1.4,23538.46154,,,,,,
,22,1,-2,24230.76923,,,,,,
,22,2,-2.8,25153.84615,,,,,,
,22,3,-3.6,26076.92308,,,,,,
,22,4,-4.1,26653.84615,,,,,,
,22,5,-4.7,27346.15385,,,,,,
,22,6,-5.2,27923.07692,,,,,,
,22,7,-5.6,28384.61538,,,,,,
,22,8,-6.1,28961.53846,,,,,,
,22,9,-6.3,29192.30769,,,,,,
,22,10,-5.1,27807.69231,,,,,,
,22,11,-4,26538.46154,,,,,,
,22,12,-2.8,25153.84615,,,,,,
,22,13,-2,24230.76923,,,,,,
,22,14,-1.4,23538.46154,,,,,,
,22,15,-1.2,23307.69231,,,,,,
,22,16,-1.5,23653.84615,,,,,,
,22,17,-2.4,24692.30769,,,,,,
,22,18,-3.6,26076.92308,,,,,,
,22,19,-4.1,26653.84615,,,,,,
,22,20,-4.5,27115.38462,,,,,,
,22,21,-4.9,27576.92308,,,,,,
,22,22,-5.3,28038.46154,,,,,,
,22,23,-5.8,28615.38462,,,,,,
,22,24,-6.2,29076.92308,,,,,,
,23,1,-5.7,28500,,,,,,
,23,2,-5,27692.30769,,,,,,
,23,3,-4.4,27000,,,,,,
,23,4,-4,26538.46154,,,,,,
,23,5,-3.6,26076.92308,,,,,,
,23,6,-3.2,25615.38462,,,,,,
,23,7,-2.9,25269.23077,,,,,,
,23,8,-2.6,24923.07692,,,,,,
,23,9,-2.3,24576.92308,,,,,,
,23,10,0.1,21807.69231,,,,,,
,23,11,2.7,18807.69231,,,,,,
,23,12,5,16153.84615,,,,,,
,23,13,7,13846.15385,,,,,,
,23,14,8.3,12346.15385,,,,,,
,23,15,9.1,11423.07692,,,,,,
,23,16,8.9,11653.84615,,,,,,
,23,17,7.9,12807.69231,,,,,,
,23,18,6.3,14653.84615,,,,,,
,23,19,6.2,14769.23077,,,,,,
,23,20,6.1,14884.61538,,,,,,
,23,21,6,15000,,,,,,
,23,22,5.8,15230.76923,,,,,,
,23,23,5.7,15346.15385,,,,,,
,23,24,5.6,15461.53846,,,,,,
,24,1,4.9,16269.23077,,,,,,
,24,2,4.1,17192.30769,,,,,,
,24,3,3.4,18000,,,,,,
,24,4,3,18461.53846,,,,,,
,24,5,2.6,18923.07692,,,,,,
,24,6,2.1,19500,,,,,,
,24,7,1.8,19846.15385,,,,,,
,24,8,1.5,20192.30769,,,,,,
,24,9,1.6,20076.92308,,,,,,
,24,10,2.9,18576.92308,,,,,,
,24,11,4.2,17076.92308,,,,,,
,24,12,5.8,15230.76923,,,,,,
,24,13,6.9,13961.53846,,,,,,
,24,14,7.5,13269.23077,,,,,,
,24,15,7.9,12807.69231,,,,,,
,24,16,7.2,13615.38462,,,,,,
,24,17,6.4,14538.46154,,,,,,
,24,18,5.3,15807.69231,,,,,,
,24,19,5.2,15923.07692,,,,,,
,24,20,5,16153.84615,,,,,,
,24,21,4.9,16269.23077,,,,,,
,24,22,4.7,16500,,,,,,
,24,23,4.5,16730.76923,,,,,,
,24,24,4.4,16846.15385,,,,,,
,25,1,4.5,16730.76923,,,,,,
,25,2,4.6,16615.38462,,,,,,
,25,3,4.8,16384.61538,,,,,,
,25,4,4.9,16269.23077,,,,,,
,25,5,4.8,16384.61538,,,,,,
,25,6,5,16153.84615,,,,,,
,25,7,5.2,15923.07692,,,,,,
,25,8,5.3,15807.69231,,,,,,
,25,9,5.3,15807.69231,,,,,,
,25,10,6.1,14884.61538,,,,,,
,25,11,6.8,14076.92308,,,,,,
,25,12,7.6,13153.84615,,,,,,
,25,13,8.2,12461.53846,,,,,,
,25,14,8.5,12115.38462,,,,,,
,25,15,8.8,11769.23077,,,,,,
,25,16,8.8,11769.23077,,,,,,
,25,17,8.6,12000,,,,,,
,25,18,8.1,12576.92308,,,,,,
,25,19,7.9,12807.69231,,,,,,
,25,20,7.7,13038.46154,,,,,,
,25,21,7.5,13269.23077,,,,,,
,25,22,7.3,13500,,,,,,
,25,23,7.1,13730.76923,,,,,,
,25,24,6.9,13961.53846,,,,,,
,26,1,6.5,14423.07692,,,,,,
,26,2,6.3,14653.84615,,,,,,
,26,3,6,15000,,,,,,
,26,4,5.9,15115.38462,,,,,,
,26,5,5.9,15115.38462,,,,,,
,26,6,5.8,15230.76923,,,,,,
,26,7,5.8,15230.76923,,,,,,
,26,8,5.8,15230.76923,,,,,,
,26,9,6,15000,,,,,,
,26,10,8,12692.30769,,,,,,
,26,11,10.4,9923.076923,,,,,,
,26,12,12.4,7615.384615,,,,,,
,26,13,14.1,5653.846154,,,,,,
,26,14,14.2,5538.461538,,,,,,
,26,15,14.2,5538.461538,,,,,,
,26,16,14.2,5538.461538,,,,,,
,26,17,15.1,4500,,,,,,
,26,18,13.8,6000,,,,,,
,26,19,13.3,6576.923077,,,,,,
,26,20,12.7,7269.230769,,,,,,
,26,21,12.2,7846.153846,,,,,,
,26,22,11.6,8538.461538,,,,,,
,26,23,11.1,9115.384615,,,,,,
,26,24,10.5,9807.692308,,,,,,
,27,1,9.5,10961.53846,,,,,,
,27,2,8.5,12115.38462,,,,,,
,27,3,7.5,13269.23077,,,,,,
,27,4,6.9,13961.53846,,,,,,
,27,5,6.4,14538.46154,,,,,,
,27,6,5.9,15115.38462,,,,,,
,27,7,5.6,15461.53846,,,,,,
,27,8,5.2,15923.07692,,,,,,
,27,9,5.3,15807.69231,,,,,,
,27,10,7.2,13615.38462,,,,,,
,27,11,9.1,11423.07692,,,,,,
,27,12,10.9,9346.153846,,,,,,
,27,13,12.3,7730.769231,,,,,,
,27,14,13.4,6461.538462,,,,,,
,27,15,14,5769.230769,,,,,,
,27,16,14,5769.230769,,,,,,
,27,17,13.1,6807.692308,,,,,,
,27,18,11.7,8423.076923,,,,,,
,27,19,10.8,9461.538462,,,,,,
,27,20,9.8,10615.38462,,,,,,
,27,21,8.8,11769.23077,,,,,,
,27,22,7.9,12807.69231,,,,,,
,27,23,6.9,13961.53846,,,,,,
,27,24,6,15000,,,,,,
,28,1,5.1,16038.46154,,,,,,
,28,2,4.1,17192.30769,,,,,,
,28,3,3.2,18230.76923,,,,,,
,28,4,2.7,18807.69231,,,,,,
,28,5,2.1,19500,,,,,,
,28,6,1.6,20076.92308,,,,,,
,28,7,1.3,20423.07692,,,,,,
,28,8,0.9,20884.61538,,,,,,
,28,9,0.9,20884.61538,,,,,,
,28,10,3.1,18346.15385,,,,,,
,28,11,5.2,15923.07692,,,,,,
,28,12,7.4,13384.61538,,,,,,
,28,13,9.2,11307.69231,,,,,,
,28,14,10.5,9807.692308,,,,,,
,28,15,11.2,9000,,,,,,
,28,16,11.2,9000,,,,,,
,28,17,10.2,10153.84615,,,,,,
,28,18,8.4,12230.76923,,,,,,
,28,19,7.7,13038.46154,,,,,,
,28,20,7.1,13730.76923,,,,,,
,28,21,6.5,14423.07692,,,,,,
,28,22,5.9,15115.38462,,,,,,
,28,23,5.2,15923.07692,,,,,,
,28,24,4.6,16615.38462,,,,,,
,29,1,4.3,16961.53846,,,,,,
,29,2,3.9,17423.07692,,,,,,
,29,3,3.6,17769.23077,,,,,,
,29,4,3.4,18000,,,,,,
,29,5,3.2,18230.76923,,,,,,
,29,6,3,18461.53846,,,,,,
,29,7,2.8,18692.30769,,,,,,
,29,8,2.7,18807.69231,,,,,,
,29,9,2.7,18807.69231,,,,,,
,29,10,2.8,18692.30769,,,,,,
,29,11,3,18461.53846,,,,,,
,29,12,3.1,18346.15385,,,,,,
,29,13,3.1,18346.15385,,,,,,
,29,14,3.2,18230.76923,,,,,,
,29,15,3.1,18346.15385,,,,,,
,29,16,3.1,18346.15385,,,,,,
,29,17,2.7,18807.69231,,,,,,
,29,18,2.9,18576.92308,,,,,,
,29,19,2.6,18923.07692,,,,,,
,29,20,2.4,19153.84615,,,,,,
,29,21,2.1,19500,,,,,,
,29,22,1.8,19846.15385,,,,,,
,29,23,1.5,20192.30769,,,,,,
,29,24,1.2,20538.46154,,,,,,
,30,1,0.8,21000,,,,,,
,30,2,0.2,21692.30769,,,,,,
,30,3,-0.3,22269.23077,,,,,,
,30,4,-0.5,22500,,,,,,
,30,5,-0.8,22846.15385,,,,,,
,30,6,-1.1,23192.30769,,,,,,
,30,7,-1.3,23423.07692,,,,,,
,30,8,-1.5,23653.84615,,,,,,
,30,9,-1.3,23423.07692,,,,,,
,30,10,1.1,20653.84615,,,,,,
,30,11,3.6,17769.23077,,,,,,
,30,12,5.9,15115.38462,,,,,,
,30,13,7.8,12923.07692,,,,,,
,30,14,9.3,11192.30769,,,,,,
,30,15,10.1,10269.23077,,,,,,
,30,16,10.2,10153.84615,,,,,,
,30,17,9.2,11307.69231,,,,,,
,30,18,7.3,13500,,,,,,
,30,19,7.1,13730.76923,,,,,,
,30,20,6.9,13961.53846,,,,,,
,30,21,6.7,14192.30769,,,,,,
,30,22,6.5,14423.07692,,,,,,
,30,23,6.2,14769.23077,,,,,,
,30,24,6,15000,,,,,,
,31,1,6,15000,,,,,,
,31,2,5.9,15115.38462,,,,,,
,31,3,5.8,15230.76923,,,,,,
,31,4,5.8,15230.76923,,,,,,
,31,5,5.7,15346.15385,,,,,,
,31,6,5.7,15346.15385,,,,,,
,31,7,5.6,15461.53846,,,,,,
,31,8,5.6,15461.53846,,,,,,
,31,9,5.7,15346.15385,,,,,,
,31,10,6,15000,,,,,,
,31,11,6.3,14653.84615,,,,,,
,31,12,6.6,14307.69231,,,,,,
,31,13,6.8,14076.92308,,,,,,
,31,14,7,13846.15385,,,,,,
,31,15,7.1,13730.76923,,,,,,
,31,16,7.1,13730.76923,,,,,,
,31,17,7,13846.15385,,,,,,
,31,18,6.7,14192.30769,,,,,,
,31,19,6.7,14192.30769,,,,,,
,31,20,6.7,14192.30769,,,,,,
,31,21,6.6,14307.69231,,,,,,
,31,22,6.3,14653.84615,,,,,,
,31,23,6.6,14307.69231,,,,,,
,31,24,6.5,14423.07692,,,,,,
fevrier,32,1,6.6,14307.69231,,,,,,
,32,2,6.5,14423.07692,,,,,,
,32,3,6.7,14192.30769,,,,,,
,32,4,6.7,14192.30769,,,,,,
,32,5,6.8,14076.92308,,,,,,
,32,6,6.8,14076.92308,,,,,,
,32,7,6.8,14076.92308,,,,,,
,32,8,6.9,13961.53846,,,,,,
,32,9,7,13846.15385,,,,,,
,32,10,8,12692.30769,,,,,,
,32,11,9.1,11423.07692,,,,,,
,32,12,9.5,10961.53846,,,,,,
,32,13,10,10384.61538,,,,,,
,32,14,10.4,9923.076923,,,,,,
,32,15,10.8,9461.538462,,,,,,
,32,16,10.9,9346.153846,,,,,,
,32,17,10.6,9692.307692,,,,,,
,32,18,10.1,10269.23077,,,,,,
,32,19,9.7,10730.76923,,,,,,
,32,20,9,11538.46154,,,,,,
,32,21,8.8,11769.23077,,,,,,
,32,22,8.4,12230.76923,,,,,,
,32,23,8,12692.30769,,,,,,
,32,24,7.6,13153.84615,,,,,,
,33,1,6.9,13961.53846,,,,,,
,33,2,6.2,14769.23077,,,,,,
,33,3,5.5,15576.92308,,,,,,
,33,4,5.1,16038.46154,,,,,,
,33,5,4.7,16500,,,,,,
,33,6,4.4,16846.15385,,,,,,
,33,7,4.1,17192.30769,,,,,,
,33,8,3.8,17538.46154,,,,,,
,33,9,3.8,17538.46154,,,,,,
,33,10,5.3,15807.69231,,,,,,
,33,11,6.4,14538.46154,,,,,,
,33,12,7.4,13384.61538,,,,,,
,33,13,8.8,11769.23077,,,,,,
,33,14,9.3,11192.30769,,,,,,
,33,15,9.4,11076.92308,,,,,,
,33,16,9.2,11307.69231,,,,,,
,33,17,8.7,11884.61538,,,,,,
,33,18,7.7,13038.46154,,,,,,
,33,19,7.3,13500,,,,,,
,33,20,6.9,13961.53846,,,,,,
,33,21,6.4,14538.46154,,,,,,
,33,22,6,15000,,,,,,
,33,23,5.6,15461.53846,,,,,,
,33,24,5.2,15923.07692,,,,,,
,34,1,5.1,16038.46154,,,,,,
,34,2,4.9,16269.23077,,,,,,
,34,3,4.8,16384.61538,,,,,,
,34,4,4.8,16384.61538,,,,,,
,34,5,4.7,16500,,,,,,
,34,6,4.7,16500,,,,,,
,34,7,4.7,16500,,,,,,
,34,8,4.7,16500,,,,,,
,34,9,4.9,16269.23077,,,,,,
,34,10,5.9,15115.38462,,,,,,
,34,11,6.9,13961.53846,,,,,,
,34,12,8.9,11653.84615,,,,,,
,34,13,9.5,10961.53846,,,,,,
,34,14,10.3,10038.46154,,,,,,
,34,15,10.7,9576.923077,,,,,,
,34,16,10.6,9692.307692,,,,,,
,34,17,10,10384.61538,,,,,,
,34,18,9.2,11307.69231,,,,,,
,34,19,8.7,11884.61538,,,,,,
,34,20,8.1,12576.92308,,,,,,
,34,21,7.6,13153.84615,,,,,,
,34,22,7.1,13730.76923,,,,,,
,34,23,6.6,14307.69231,,,,,,
,34,24,6.1,14884.61538,,,,,,
,35,1,5.4,15692.30769,,,,,,
,35,2,4.8,16384.61538,,,,,,
,35,3,4.1,17192.30769,,,,,,
,35,4,3.7,17653.84615,,,,,,
,35,5,3.4,18000,,,,,,
,35,6,3,18461.53846,,,,,,
,35,7,2.7,18807.69231,,,,,,
,35,8,2.5,19038.46154,,,,,,
,35,9,2.6,18923.07692,,,,,,
,35,10,4.4,16846.15385,,,,,,
,35,11,6.2,14769.23077,,,,,,
,35,12,7.9,12807.69231,,,,,,
,35,13,9.4,11076.92308,,,,,,
,35,14,10.2,10153.84615,,,,,,
,35,15,10.7,9576.923077,,,,,,
,35,16,10.6,9692.307692,,,,,,
,35,17,9.7,10730.76923,,,,,,
,35,18,8.4,12230.76923,,,,,,
,35,19,7.7,13038.46154,,,,,,
,35,20,7,13846.15385,,,,,,
,35,21,6.4,14538.46154,,,,,,
,35,22,5.7,15346.15385,,,,,,
,35,23,5.1,16038.46154,,,,,,
,35,24,4.4,16846.15385,,,,,,
,36,1,3.9,17423.07692,,,,,,
,36,2,3.4,18000,,,,,,
,36,3,2.9,18576.92308,,,,,,
,36,4,2.6,18923.07692,,,,,,
,36,5,2.4,19153.84615,,,,,,
,36,6,2.1,19500,,,,,,
,36,7,1.9,19730.76923,,,,,,
,36,8,1.7,19961.53846,,,,,,
,36,9,1.8,19846.15385,,,,,,
,36,10,2.7,18807.69231,,,,,,
,36,11,2.9,18576.92308,,,,,,
,36,12,3.9,17423.07692,,,,,,
,36,13,5,16153.84615,,,,,,
,36,14,5.4,15692.30769,,,,,,
,36,15,5.6,15461.53846,,,,,,
,36,16,5.4,15692.30769,,,,,,
,36,17,5,16153.84615,,,,,,
,36,18,4.3,16961.53846,,,,,,
,36,19,3.8,17538.46154,,,,,,
,36,20,3.3,18115.38462,,,,,,
,36,21,2.8,18692.30769,,,,,,
,36,22,2.2,19384.61538,,,,,,
,36,23,1.7,19961.53846,,,,,,
,36,24,1.2,20538.46154,,,,,,
,37,1,0.8,21000,,,,,,
,37,2,0.4,21461.53846,,,,,,
,37,3,-0.1,22038.46154,,,,,,
,37,4,-0.3,22269.23077,,,,,,
,37,5,-0.5,22500,,,,,,
,37,6,-0.7,22730.76923,,,,,,
,37,7,-0.9,22961.53846,,,,,,
,37,8,-1.1,23192.30769,,,,,,
,37,9,-0.7,22730.76923,,,,,,
,37,10,1.1,20653.84615,,,,,,
,37,11,2.7,18807.69231,,,,,,
,37,12,4.2,17076.92308,,,,,,
,37,13,5.8,15230.76923,,,,,,
,37,14,6.9,13961.53846,,,,,,
,37,15,7.5,13269.23077,,,,,,
,37,16,7.6,13153.84615,,,,,,
,37,17,7,13846.15385,,,,,,
,37,18,5.7,15346.15385,,,,,,
,37,19,5.2,15923.07692,,,,,,
,37,20,4.6,16615.38462,,,,,,
,37,21,4,17307.69231,,,,,,
,37,22,3.4,18000,,,,,,
,37,23,2.9,18576.92308,,,,,,
,37,24,2.3,19269.23077,,,,,,
,38,1,1.8,19846.15385,,,,,,
,38,2,1.2,20538.46154,,,,,,
,38,3,0.6,21230.76923,,,,,,
,38,4,0.3,21576.92308,,,,,,
,38,5,0,21923.07692,,,,,,
,38,6,-0.3,22269.23077,,,,,,
,38,7,-0.5,22500,,,,,,
,38,8,-0.7,22730.76923,,,,,,
,38,9,-0.7,22730.76923,,,,,,
,38,10,-0.7,22730.76923,,,,,,
,38,11,-0.5,22500,,,,,,
,38,12,-0.4,22384.61538,,,,,,
,38,13,-0.3,22269.23077,,,,,,
,38,14,0.8,21000,,,,,,
,38,15,1.4,20307.69231,,,,,,
,38,16,1.7,19961.53846,,,,,,
,38,17,1.7,19961.53846,,,,,,
,38,18,1.3,20423.07692,,,,,,
,38,19,0.8,21000,,,,,,
,38,20,0.3,21576.92308,,,,,,
,38,21,-0.2,22153.84615,,,,,,
,38,22,-0.7,22730.76923,,,,,,
,38,23,-1.2,23307.69231,,,,,,
,38,24,-1.7,23884.61538,,,,,,
,39,1,-2.1,24346.15385,,,,,,
,39,2,-2.5,24807.69231,,,,,,
,39,3,-2.9,25269.23077,,,,,,
,39,4,-3.2,25615.38462,,,,,,
,39,5,-3.4,25846.15385,,,,,,
,39,6,-3.6,26076.92308,,,,,,
,39,7,-3.8,26307.69231,,,,,,
,39,8,-4,26538.46154,,,,,,
,39,9,-3.6,26076.92308,,,,,,
,39,10,-1.6,23769.23077,,,,,,
,39,11,0.3,21576.92308,,,,,,
,39,12,1.7,19961.53846,,,,,,
,39,13,2.8,18692.30769,,,,,,
,39,14,3.5,17884.61538,,,,,,
,39,15,3.9,17423.07692,,,,,,
,39,16,3.7,17653.84615,,,,,,
,39,17,2.9,18576.92308,,,,,,
,39,18,1.7,19961.53846,,,,,,
,39,19,1.1,20653.84615,,,,,,
,39,20,0.6,21230.76923,,,,,,
,39,21,0,21923.07692,,,,,,
,39,22,-0.6,22615.38462,,,,,,
,39,23,-1.1,23192.30769,,,,,,
,39,24,-1.7,23884.61538,,,,,,
,40,1,-2.1,24346.15385,,,,,,
,40,2,-2.6,24923.07692,,,,,,
,40,3,-3.1,25500,,,,,,
,40,4,-3.4,25846.15385,,,,,,
,40,5,-3.7,26192.30769,,,,,,
,40,6,-4,26538.46154,,,,,,
,40,7,-4.3,26884.61538,,,,,,
,40,8,-4.5,27115.38462,,,,,,
,40,9,-4.3,26884.61538,,,,,,
,40,10,-2.8,25153.84615,,,,,,
,40,11,-1.4,23538.46154,,,,,,
,40,12,-0.1,22038.46154,,,,,,
,40,13,0.5,21346.15385,,,,,,
,40,14,0.7,21115.38462,,,,,,
,40,15,0.7,21115.38462,,,,,,
,40,16,0,21923.07692,,,,,,
,40,17,-0.8,22846.15385,,,,,,
,40,18,-1.8,24000,,,,,,
,40,19,-2.3,24576.92308,,,,,,
,40,20,-2.8,25153.84615,,,,,,
,40,21,-3.3,25730.76923,,,,,,
,40,22,-3.8,26307.69231,,,,,,
,40,23,-4.3,26884.61538,,,,,,
,40,24,-4.7,27346.15385,,,,,,
,41,1,-4.7,27346.15385,,,,,,
,41,2,-4.8,27461.53846,,,,,,
,41,3,-4.8,27461.53846,,,,,,
,41,4,-4.8,27461.53846,,,,,,
,41,5,-4.9,27576.92308,,,,,,
,41,6,-4.9,27576.92308,,,,,,
,41,7,-4.9,27576.92308,,,,,,
,41,8,-5,27692.30769,,,,,,
,41,9,-4.7,27346.15385,,,,,,
,41,10,-2.9,25269.23077,,,,,,
,41,11,-1.2,23307.69231,,,,,,
,41,12,0.5,21346.15385,,,,,,
,41,13,1.9,19730.76923,,,,,,
,41,14,3,18461.53846,,,,,,
,41,15,3.5,17884.61538,,,,,,
,41,16,3.4,18000,,,,,,
,41,17,2.7,18807.69231,,,,,,
,41,18,1.5,20192.30769,,,,,,
,41,19,0.3,21576.92308,,,,,,
,41,20,-0.2,22153.84615,,,,,,
,41,21,-0.6,22615.38462,,,,,,
,41,22,-1,23076.92308,,,,,,
,41,23,-1.4,23538.46154,,,,,,
,41,24,-1.8,24000,,,,,,
,42,1,-2.1,24346.15385,,,,,,
,42,2,-2.3,24576.92308,,,,,,
,42,3,-2.6,24923.07692,,,,,,
,42,4,-2.7,25038.46154,,,,,,
,42,5,-2.8,25153.84615,,,,,,
,42,6,-2.9,25269.23077,,,,,,
,42,7,-3,25384.61538,,,,,,
,42,8,-3,25384.61538,,,,,,
,42,9,-2.5,24807.69231,,,,,,
,42,10,-0.1,22038.46154,,,,,,
,42,11,2.3,19269.23077,,,,,,
,42,12,4.5,16730.76923,,,,,,
,42,13,6.3,14653.84615,,,,,,
,42,14,7.4,13384.61538,,,,,,
,42,15,8.1,12576.92308,,,,,,
,42,16,8.2,12461.53846,,,,,,
,42,17,7.3,13500,,,,,,
,42,18,5.9,15115.38462,,,,,,
,42,19,4.4,16846.15385,,,,,,
,42,20,4,17307.69231,,,,,,
,42,21,3.6,17769.23077,,,,,,
,42,22,3.2,18230.76923,,,,,,
,42,23,2.9,18576.92308,,,,,,
,42,24,2.5,19038.46154,,,,,,
,43,1,2,19615.38462,,,,,,
,43,2,1.5,20192.30769,,,,,,
,43,3,0.9,20884.61538,,,,,,
,43,4,0.6,21230.76923,,,,,,
,43,5,0.3,21576.92308,,,,,,
,43,6,0.1,21807.69231,,,,,,
,43,7,-0.2,22153.84615,,,,,,
,43,8,-0.4,22384.61538,,,,,,
,43,9,-0.2,22153.84615,,,,,,
,43,10,0.5,21346.15385,,,,,,
,43,11,1.1,20653.84615,,,,,,
,43,12,1.6,20076.92308,,,,,,
,43,13,1.7,19961.53846,,,,,,
,43,14,2,19615.38462,,,,,,
,43,15,2.2,19384.61538,,,,,,
,43,16,2.1,19500,,,,,,
,43,17,1.9,19730.76923,,,,,,
,43,18,1.3,20423.07692,,,,,,
,43,19,1,20769.23077,,,,,,
,43,20,0.7,21115.38462,,,,,,
,43,21,0.4,21461.53846,,,,,,
,43,22,0.1,21807.69231,,,,,,
,43,23,-0.2,22153.84615,,,,,,
,43,24,-0.5,22500,,,,,,
,44,1,-0.6,22615.38462,,,,,,
,44,2,-0.7,22730.76923,,,,,,
,44,3,-0.7,22730.76923,,,,,,
,44,4,-0.8,22846.15385,,,,,,
,44,5,-0.8,22846.15385,,,,,,
,44,6,-0.8,22846.15385,,,,,,
,44,7,-0.9,22961.53846,,,,,,
,44,8,-0.9,22961.53846,,,,,,
,44,9,-0.7,22730.76923,,,,,,
,44,10,0.2,21692.30769,,,,,,
,44,11,0.8,21000,,,,,,
,44,12,1.6,20076.92308,,,,,,
,44,13,2.5,19038.46154,,,,,,
,44,14,3.7,17653.84615,,,,,,
,44,15,4.3,16961.53846,,,,,,
,44,16,4.6,16615.38462,,,,,,
,44,17,4.1,17192.30769,,,,,,
,44,18,3.3,18115.38462,,,,,,
,44,19,2.6,18923.07692,,,,,,
,44,20,2.8,18692.30769,,,,,,
,44,21,3,18461.53846,,,,,,
,44,22,3.1,18346.15385,,,,,,
,44,23,3.3,18115.38462,,,,,,
,44,24,3.5,17884.61538,,,,,,
,45,1,3.3,18115.38462,,,,,,
,45,2,3.3,18115.38462,,,,,,
,45,3,3.4,18000,,,,,,
,45,4,3.3,18115.38462,,,,,,
,45,5,3.3,18115.38462,,,,,,
,45,6,3.3,18115.38462,,,,,,
,45,7,3.3,18115.38462,,,,,,
,45,8,3.3,18115.38462,,,,,,
,45,9,3.5,17884.61538,,,,,,
,45,10,3.9,17423.07692,,,,,,
,45,11,4.3,16961.53846,,,,,,
,45,12,4.7,16500,,,,,,
,45,13,5,16153.84615,,,,,,
,45,14,5.2,15923.07692,,,,,,
,45,15,5.2,15923.07692,,,,,,
,45,16,5.1,16038.46154,,,,,,
,45,17,4.7,16500,,,,,,
,45,18,4.9,16269.23077,,,,,,
,45,19,4.7,16500,,,,,,
,45,20,4.4,16846.15385,,,,,,
,45,21,4.2,17076.92308,,,,,,
,45,22,3.9,17423.07692,,,,,,
,45,23,3.6,17769.23077,,,,,,
,45,24,3.4,18000,,,,,,
,46,1,2.9,18576.92308,,,,,,
,46,2,2.3,19269.23077,,,,,,
,46,3,1.7,19961.53846,,,,,,
,46,4,1.4,20307.69231,,,,,,
,46,5,1.1,20653.84615,,,,,,
,46,6,0.8,21000,,,,,,
,46,7,0.6,21230.76923,,,,,,
,46,8,0.4,21461.53846,,,,,,
,46,9,1.1,20653.84615,,,,,,
,46,10,3.2,18230.76923,,,,,,
,46,11,4.3,16961.53846,,,,,,
,46,12,4.9,16269.23077,,,,,,
,46,13,6,15000,,,,,,
,46,14,6.4,14538.46154,,,,,,
,46,15,6.8,14076.92308,,,,,,
,46,16,7.2,13615.38462,,,,,,
,46,17,7.3,13500,,,,,,
,46,18,6.5,14423.07692,,,,,,
,46,19,5.4,15692.30769,,,,,,
,46,20,4.8,16384.61538,,,,,,
,46,21,4.2,17076.92308,,,,,,
,46,22,3.6,17769.23077,,,,,,
,46,23,3.1,18346.15385,,,,,,
,46,24,2.5,19038.46154,,,,,,
,47,1,2.1,19500,,,,,,
,47,2,1.7,19961.53846,,,,,,
,47,3,1.2,20538.46154,,,,,,
,47,4,1,20769.23077,,,,,,
,47,5,0.8,21000,,,,,,
,47,6,0.6,21230.76923,,,,,,
,47,7,0.4,21461.53846,,,,,,
,47,8,0.3,21576.92308,,,,,,
,47,9,0.4,21461.53846,,,,,,
,47,10,0.7,21115.38462,,,,,,
,47,11,1,20769.23077,,,,,,
,47,12,1.2,20538.46154,,,,,,
,47,13,1.2,20538.46154,,,,,,
,47,14,3.3,18115.38462,,,,,,
,47,15,4.5,16730.76923,,,,,,
,47,16,5.1,16038.46154,,,,,,
,47,17,5.2,15923.07692,,,,,,
,47,18,4.6,16615.38462,,,,,,
,47,19,3.9,17423.07692,,,,,,
,47,20,3.8,17538.46154,,,,,,
,47,21,3.7,17653.84615,,,,,,
,47,22,3.7,17653.84615,,,,,,
,47,23,3.6,17769.23077,,,,,,
,47,24,3.5,17884.61538,,,,,,
,48,1,3.5,17884.61538,,,,,,
,48,2,3.5,17884.61538,,,,,,
,48,3,3.6,17769.23077,,,,,,
,48,4,3.6,17769.23077,,,,,,
,48,5,3.6,17769.23077,,,,,,
,48,6,3.6,17769.23077,,,,,,
,48,7,3.6,17769.23077,,,,,,
,48,8,3.7,17653.84615,,,,,,
,48,9,4,17307.69231,,,,,,
,48,10,4.6,16615.38462,,,,,,
,48,11,5.3,15807.69231,,,,,,
,48,12,6,15000,,,,,,
,48,13,6.6,14307.69231,,,,,,
,48,14,7.1,13730.76923,,,,,,
,48,15,7.3,13500,,,,,,
,48,16,7.4,13384.61538,,,,,,
,48,17,7.3,13500,,,,,,
,48,18,6.9,13961.53846,,,,,,
,48,19,6.5,14423.07692,,,,,,
,48,20,6.3,14653.84615,,,,,,
,48,21,6.1,14884.61538,,,,,,
,48,22,5.8,15230.76923,,,,,,
,48,23,6,15000,,,,,,
,48,24,5.9,15115.38462,,,,,,
,49,1,5.7,15346.15385,,,,,,
,49,2,5.4,15692.30769,,,,,,
,49,3,5.3,15807.69231,,,,,,
,49,4,5.3,15807.69231,,,,,,
,49,5,5.2,15923.07692,,,,,,
,49,6,5.1,16038.46154,,,,,,
,49,7,5.1,16038.46154,,,,,,
,49,8,5,16153.84615,,,,,,
,49,9,4.9,16269.23077,,,,,,
,49,10,4.8,16384.61538,,,,,,
,49,11,5.7,15346.15385,,,,,,
,49,12,6.1,14884.61538,,,,,,
,49,13,6.3,14653.84615,,,,,,
,49,14,6.5,14423.07692,,,,,,
,49,15,6.5,14423.07692,,,,,,
,49,16,6.5,14423.07692,,,,,,
,49,17,6.4,14538.46154,,,,,,
,49,18,6.3,14653.84615,,,,,,
,49,19,6,15000,,,,,,
,49,20,5.9,15115.38462,,,,,,
,49,21,5.7,15346.15385,,,,,,
,49,22,5.5,15576.92308,,,,,,
,49,23,5.4,15692.30769,,,,,,
,49,24,5.2,15923.07692,,,,,,
,50,1,4.1,17192.30769,,,,,,
,50,2,4.9,16269.23077,,,,,,
,50,3,4.7,16500,,,,,,
,50,4,4.4,16846.15385,,,,,,
,50,5,4.2,17076.92308,,,,,,
,50,6,4.5,16730.76923,,,,,,
,50,7,4.5,16730.76923,,,,,,
,50,8,4.4,16846.15385,,,,,,
,50,9,4.6,16615.38462,,,,,,
,50,10,4.8,16384.61538,,,,,,
,50,11,5,16153.84615,,,,,,
,50,12,5.2,15923.07692,,,,,,
,50,13,5.3,15807.69231,,,,,,
,50,14,5.4,15692.30769,,,,,,
,50,15,5.5,15576.92308,,,,,,
,50,16,5.4,15692.30769,,,,,,
,50,17,5.3,15807.69231,,,,,,
,50,18,5.3,15807.69231,,,,,,
,50,19,5.1,16038.46154,,,,,,
,50,20,5,16153.84615,,,,,,
,50,21,4.9,16269.23077,,,,,,
,50,22,4.6,16615.38462,,,,,,
,50,23,4.4,16846.15385,,,,,,
,50,24,4.4,16846.15385,,,,,,
,51,1,4.4,16846.15385,,,,,,
,51,2,4.4,16846.15385,,,,,,
,51,3,4.4,16846.15385,,,,,,
,51,4,4.4,16846.15385,,,,,,
,51,5,4.4,16846.15385,,,,,,
,51,6,4.4,16846.15385,,,,,,
,51,7,4.4,16846.15385,,,,,,
,51,8,4.5,16730.76923,,,,,,
,51,9,5.2,15923.07692,,,,,,
,51,10,5.6,15461.53846,,,,,,
,51,11,7,13846.15385,,,,,,
,51,12,7.7,13038.46154,,,,,,
,51,13,7.9,12807.69231,,,,,,
,51,14,8.8,11769.23077,,,,,,
,51,15,10,10384.61538,,,,,,
,51,16,11.1,9115.384615,,,,,,
,51,17,11.9,8192.307692,,,,,,
,51,18,11.7,8423.076923,,,,,,
,51,19,10.8,9461.538462,,,,,,
,51,20,10.2,10153.84615,,,,,,
,51,21,9.5,10961.53846,,,,,,
,51,22,8.9,11653.84615,,,,,,
,51,23,8.2,12461.53846,,,,,,
,51,24,7.6,13153.84615,,,,,,
,52,1,6.7,14192.30769,,,,,,
,52,2,5.8,15230.76923,,,,,,
,52,3,4.8,16384.61538,,,,,,
,52,4,4.4,16846.15385,,,,,,
,52,5,3.9,17423.07692,,,,,,
,52,6,3.5,17884.61538,,,,,,
,52,7,3.2,18230.76923,,,,,,
,52,8,3.1,18346.15385,,,,,,
,52,9,4.3,16961.53846,,,,,,
,52,10,6.2,14769.23077,,,,,,
,52,11,8.3,12346.15385,,,,,,
,52,12,10.1,10269.23077,,,,,,
,52,13,11,9230.769231,,,,,,
,52,14,11.5,8653.846154,,,,,,
,52,15,11,9230.769231,,,,,,
,52,16,10.5,9807.692308,,,,,,
,52,17,9.6,10846.15385,,,,,,
,52,18,8.5,12115.38462,,,,,,
,52,19,7.5,13269.23077,,,,,,
,52,20,6.9,13961.53846,,,,,,
,52,21,6.3,14653.84615,,,,,,
,52,22,5.7,15346.15385,,,,,,
,52,23,5.1,16038.46154,,,,,,
,52,24,4.6,16615.38462,,,,,,
,53,1,4.2,17076.92308,,,,,,
,53,2,3.9,17423.07692,,,,,,
,53,3,3.5,17884.61538,,,,,,
,53,4,3.3,18115.38462,,,,,,
,53,5,3.2,18230.76923,,,,,,
,53,6,3.1,18346.15385,,,,,,
,53,7,3,18461.53846,,,,,,
,53,8,3,18461.53846,,,,,,
,53,9,4.6,16615.38462,,,,,,
,53,10,7,13846.15385,,,,,,
,53,11,9.6,10846.15385,,,,,,
,53,12,12,8076.923077,,,,,,
,53,13,14,5769.230769,,,,,,
,53,14,15.4,4153.846154,,,,,,
,53,15,16.3,3115.384615,,,,,,
,53,16,16.6,2769.230769,,,,,,
,53,17,16,3461.538462,,,,,,
,53,18,14.6,5076.923077,,,,,,
,53,19,12.9,7038.461538,,,,,,
,53,20,12.1,7961.538462,,,,,,
,53,21,11.3,8884.615385,,,,,,
,53,22,10.5,9807.692308,,,,,,
,53,23,9.6,10846.15385,,,,,,
,53,24,8.8,11769.23077,,,,,,
,54,1,7.9,12807.69231,,,,,,
,54,2,7,13846.15385,,,,,,
,54,3,6,15000,,,,,,
,54,4,5.6,15461.53846,,,,,,
,54,5,5.1,16038.46154,,,,,,
,54,6,4.8,16384.61538,,,,,,
,54,7,4.4,16846.15385,,,,,,
,54,8,4.4,16846.15385,,,,,,
,54,9,5.7,15346.15385,,,,,,
,54,10,7.8,12923.07692,,,,,,
,54,11,10.1,10269.23077,,,,,,
,54,12,12.2,7846.153846,,,,,,
,54,13,14.1,5653.846154,,,,,,
,54,14,15.4,4153.846154,,,,,,
,54,15,16,3461.538462,,,,,,
,54,16,16.1,3346.153846,,,,,,
,54,17,15.5,4038.461538,,,,,,
,54,18,14.2,5538.461538,,,,,,
,54,19,12.6,7384.615385,,,,,,
,54,20,11.7,8423.076923,,,,,,
,54,21,10.8,9461.538462,,,,,,
,54,22,9.9,10500,,,,,,
,54,23,9,11538.46154,,,,,,
,54,24,8.1,12576.92308,,,,,,
,55,1,7.4,13384.61538,,,,,,
,55,2,6.7,14192.30769,,,,,,
,55,3,5.9,15115.38462,,,,,,
,55,4,5.5,15576.92308,,,,,,
,55,5,5.2,15923.07692,,,,,,
,55,6,4.9,16269.23077,,,,,,
,55,7,4.7,16500,,,,,,
,55,8,4.7,16500,,,,,,
,55,9,6.1,14884.61538,,,,,,
,55,10,8.2,12461.53846,,,,,,
,55,11,10.4,9923.076923,,,,,,
,55,12,12.5,7500,,,,,,
,55,13,14.3,5423.076923,,,,,,
,55,14,15.7,3807.692308,,,,,,
,55,15,16.5,2884.615385,,,,,,
,55,16,16.6,2769.230769,,,,,,
,55,17,16,3461.538462,,,,,,
,55,18,14.7,4961.538462,,,,,,
,55,19,13.2,6692.307692,,,,,,
,55,20,12.6,7384.615385,,,,,,
,55,21,12,8076.923077,,,,,,
,55,22,11.4,8769.230769,,,,,,
,55,23,10.8,9461.538462,,,,,,
,55,24,10.1,10269.23077,,,,,,
,56,1,9.5,10961.53846,,,,,,
,56,2,8.8,11769.23077,,,,,,
,56,3,8.2,12461.53846,,,,,,
,56,4,7.8,12923.07692,,,,,,
,56,5,7.4,13384.61538,,,,,,
,56,6,7.1,13730.76923,,,,,,
,56,7,6.9,13961.53846,,,,,,
,56,8,6.8,14076.92308,,,,,,
,56,9,6.9,13961.53846,,,,,,
,56,10,7.1,13730.76923,,,,,,
,56,11,7.6,13153.84615,,,,,,
,56,12,8.1,12576.92308,,,,,,
,56,13,8.6,12000,,,,,,
,56,14,9,11538.46154,,,,,,
,56,15,9.2,11307.69231,,,,,,
,56,16,9.2,11307.69231,,,,,,
,56,17,9.2,11307.69231,,,,,,
,56,18,8.9,11653.84615,,,,,,
,56,19,8.4,12230.76923,,,,,,
,56,20,8,12692.30769,,,,,,
,56,21,8.2,12461.53846,,,,,,
,56,22,8,12692.30769,,,,,,
,56,23,7.9,12807.69231,,,,,,
,56,24,7.8,12923.07692,,,,,,
,57,1,7.9,12807.69231,,,,,,
,57,2,7.9,12807.69231,,,,,,
,57,3,8.5,12115.38462,,,,,,
,57,4,8.6,12000,,,,,,
,57,5,8.8,11769.23077,,,,,,
,57,6,8.9,11653.84615,,,,,,
,57,7,9,11538.46154,,,,,,
,57,8,9.1,11423.07692,,,,,,
,57,9,9.6,10846.15385,,,,,,
,57,10,10.4,9923.076923,,,,,,
,57,11,11.2,9000,,,,,,
,57,12,12,8076.923077,,,,,,
,57,13,12.5,7500,,,,,,
,57,14,12.9,7038.461538,,,,,,
,57,15,13.1,6807.692308,,,,,,
,57,16,13.1,6807.692308,,,,,,
,57,17,13,6923.076923,,,,,,
,57,18,12.6,7384.615385,,,,,,
,57,19,12.2,7846.153846,,,,,,
,57,20,11.8,8307.692308,,,,,,
,57,21,11.5,8653.846154,,,,,,
,57,22,11.1,9115.384615,,,,,,
,57,23,10.7,9576.923077,,,,,,
,57,24,10.3,10038.46154,,,,,,
,58,1,8.9,11653.84615,,,,,,
,58,2,7.4,13384.61538,,,,,,
,58,3,6,15000,,,,,,
,58,4,5.2,15923.07692,,,,,,
,58,5,4.4,16846.15385,,,,,,
,58,6,3.8,17538.46154,,,,,,
,58,7,3.3,18115.38462,,,,,,
,58,8,3.2,18230.76923,,,,,,
,58,9,4.4,16846.15385,,,,,,
,58,10,6.5,14423.07692,,,,,,
,58,11,8.6,12000,,,,,,
,58,12,10.6,9692.307692,,,,,,
,58,13,12,8076.923077,,,,,,
,58,14,13,6923.076923,,,,,,
,58,15,13.4,6461.538462,,,,,,
,58,16,13.5,6346.153846,,,,,,
,58,17,12.7,7269.230769,,,,,,
,58,18,11.4,8769.230769,,,,,,
,58,19,9.9,10500,,,,,,
,58,20,8.6,12000,,,,,,
,58,21,7.2,13615.38462,,,,,,
,58,22,5.9,15115.38462,,,,,,
,58,23,4.6,16615.38462,,,,,,
,58,24,3.3,18115.38462,,,,,,
,59,1,2.4,19153.84615,,,,,,
,59,2,1.5,20192.30769,,,,,,
,59,3,0.5,21346.15385,,,,,,
,59,4,0,21923.07692,,,,,,
,59,5,-0.5,22500,,,,,,
,59,6,-0.8,22846.15385,,,,,,
,59,7,-1.2,23307.69231,,,,,,
,59,8,-1.2,23307.69231,,,,,,
,59,9,0.5,21346.15385,,,,,,
,59,10,2.9,18576.92308,,,,,,
,59,11,5.2,15923.07692,,,,,,
,59,12,7.1,13730.76923,,,,,,
,59,13,8.8,11769.23077,,,,,,
,59,14,10.1,10269.23077,,,,,,
,59,15,10.8,9461.538462,,,,,,
,59,16,11.1,9115.384615,,,,,,
,59,17,10.6,9692.307692,,,,,,
,59,18,9.3,11192.30769,,,,,,
,59,19,7.5,13269.23077,,,,,,
,59,20,6.7,14192.30769,,,,,,
,59,21,5.8,15230.76923,,,,,,
,59,22,4.9,16269.23077,,,,,,
,59,23,4.1,17192.30769,,,,,,
,59,24,3.2,18230.76923,,,,,,
mars,60,1,2.6,18923.07692,,,,,,
,60,2,2,19615.38462,,,,,,
,60,3,1.4,20307.69231,,,,,,
,60,4,1.1,20653.84615,,,,,,
,60,5,0.7,21115.38462,,,,,,
,60,6,0.5,21346.15385,,,,,,
,60,7,0.3,21576.92308,,,,,,
,60,8,0.3,21576.92308,,,,,,
,60,9,1.6,20076.92308,,,,,,
,60,10,3.4,18000,,,,,,
,60,11,5.2,15923.07692,,,,,,
,60,12,6.6,14307.69231,,,,,,
,60,13,7.7,13038.46154,,,,,,
,60,14,8.7,11884.61538,,,,,,
,60,15,9.3,11192.30769,,,,,,
,60,16,9.5,10961.53846,,,,,,
,60,17,9.1,11423.07692,,,,,,
,60,18,8.2,12461.53846,,,,,,
,60,19,6.9,13961.53846,,,,,,
,60,20,6,15000,,,,,,
,60,21,5.1,16038.46154,,,,,,
,60,22,4.2,17076.92308,,,,,,
,60,23,3.3,18115.38462,,,,,,
,60,24,2.4,19153.84615,,,,,,
,61,1,1.6,20076.92308,,,,,,
,61,2,0.7,21115.38462,,,,,,
,61,3,-0.3,22269.23077,,,,,,
,61,4,-0.9,22961.53846,,,,,,
,61,5,-1.4,23538.46154,,,,,,
,61,6,-1.8,24000,,,,,,
,61,7,-2.3,24576.92308,,,,,,
,61,8,-2.4,24692.30769,,,,,,
,61,9,-1.4,23538.46154,,,,,,
,61,10,-0.2,22153.84615,,,,,,
,61,11,1.2,20538.46154,,,,,,
,61,12,2.4,19153.84615,,,,,,
,61,13,3.4,18000,,,,,,
,61,14,4.1,17192.30769,,,,,,
,61,15,4.4,16846.15385,,,,,,
,61,16,4.4,16846.15385,,,,,,
,61,17,4,17307.69231,,,,,,
,61,18,3,18461.53846,,,,,,
,61,19,1.8,19846.15385,,,,,,
,61,20,1.4,20307.69231,,,,,,
,61,21,1,20769.23077,,,,,,
,61,22,0.5,21346.15385,,,,,,
,61,23,0.1,21807.69231,,,,,,
,61,24,-0.4,22384.61538,,,,,,
,62,1,-0.2,22153.84615,,,,,,
,62,2,0.1,21807.69231,,,,,,
,62,3,0.4,21461.53846,,,,,,
,62,4,0.6,21230.76923,,,,,,
,62,5,0.7,21115.38462,,,,,,
,62,6,0.9,20884.61538,,,,,,
,62,7,1,20769.23077,,,,,,
,62,8,1.1,20653.84615,,,,,,
,62,9,2.1,19500,,,,,,
,62,10,3.4,18000,,,,,,
,62,11,4.7,16500,,,,,,
,62,12,6,15000,,,,,,
,62,13,7,13846.15385,,,,,,
,62,14,7.5,13269.23077,,,,,,
,62,15,7.8,12923.07692,,,,,,
,62,16,7.7,13038.46154,,,,,,
,62,17,7.3,13500,,,,,,
,62,18,6.5,14423.07692,,,,,,
,62,19,6,15000,,,,,,
,62,20,5.5,15576.92308,,,,,,
,62,21,5,16153.84615,,,,,,
,62,22,4.5,16730.76923,,,,,,
,62,23,4,17307.69231,,,,,,
,62,24,3.4,18000,,,,,,
,63,1,2.6,18923.07692,,,,,,
,63,2,1.7,19961.53846,,,,,,
,63,3,0.8,21000,,,,,,
,63,4,0.3,21576.92308,,,,,,
,63,5,-0.1,22038.46154,,,,,,
,63,6,-0.5,22500,,,,,,
,63,7,-0.8,22846.15385,,,,,,
,63,8,-0.9,22961.53846,,,,,,
,63,9,0.2,21692.30769,,,,,,
,63,10,1.6,20076.92308,,,,,,
,63,11,3.3,18115.38462,,,,,,
,63,12,4.5,16730.76923,,,,,,
,63,13,5.3,15807.69231,,,,,,
,63,14,5.5,15576.92308,,,,,,
,63,15,5.6,15461.53846,,,,,,
,63,16,5.4,15692.30769,,,,,,
,63,17,4.7,16500,,,,,,
,63,18,4,17307.69231,,,,,,
,63,19,3.1,18346.15385,,,,,,
,63,20,2.5,19038.46154,,,,,,
,63,21,1.8,19846.15385,,,,,,
,63,22,1.2,20538.46154,,,,,,
,63,23,0.6,21230.76923,,,,,,
,63,24,-0.1,22038.46154,,,,,,
,64,1,-0.4,22384.61538,,,,,,
,64,2,-0.7,22730.76923,,,,,,
,64,3,-1,23076.92308,,,,,,
,64,4,-1.2,23307.69231,,,,,,
,64,5,-1.3,23423.07692,,,,,,
,64,6,-1.4,23538.46154,,,,,,
,64,7,-1.5,23653.84615,,,,,,
,64,8,-1.4,23538.46154,,,,,,
,64,9,0.2,21692.30769,,,,,,
,64,10,2.1,19500,,,,,,
,64,11,4,17307.69231,,,,,,
,64,12,5.8,15230.76923,,,,,,
,64,13,7.3,13500,,,,,,
,64,14,8.4,12230.76923,,,,,,
,64,15,9,11538.46154,,,,,,
,64,16,9.2,11307.69231,,,,,,
,64,17,8.7,11884.61538,,,,,,
,64,18,7.7,13038.46154,,,,,,
,64,19,6.3,14653.84615,,,,,,
,64,20,5.7,15346.15385,,,,,,
,64,21,5.1,16038.46154,,,,,,
,64,22,4.6,16615.38462,,,,,,
,64,23,4,17307.69231,,,,,,
,64,24,3.4,18000,,,,,,
,65,1,2.8,18692.30769,,,,,,
,65,2,2.2,19384.61538,,,,,,
,65,3,1.6,20076.92308,,,,,,
,65,4,1.3,20423.07692,,,,,,
,65,5,0.9,20884.61538,,,,,,
,65,6,0.7,21115.38462,,,,,,
,65,7,0.5,21346.15385,,,,,,
,65,8,0.6,21230.76923,,,,,,
,65,9,2.1,19500,,,,,,
,65,10,4.2,17076.92308,,,,,,
,65,11,6.1,14884.61538,,,,,,
,65,12,7.9,12807.69231,,,,,,
,65,13,9.3,11192.30769,,,,,,
,65,14,10.3,10038.46154,,,,,,
,65,15,10.8,9461.538462,,,,,,
,65,16,10.9,9346.153846,,,,,,
,65,17,10.4,9923.076923,,,,,,
,65,18,9.3,11192.30769,,,,,,
,65,19,7.9,12807.69231,,,,,,
,65,20,7.1,13730.76923,,,,,,
,65,21,6.2,14769.23077,,,,,,
,65,22,5.4,15692.30769,,,,,,
,65,23,4.5,16730.76923,,,,,,
,65,24,3.7,17653.84615,,,,,,
,66,1,2.9,18576.92308,,,,,,
,66,2,2.1,19500,,,,,,
,66,3,1.4,20307.69231,,,,,,
,66,4,0.9,20884.61538,,,,,,
,66,5,0.5,21346.15385,,,,,,
,66,6,0.2,21692.30769,,,,,,
,66,7,-0.1,22038.46154,,,,,,
,66,8,0,21923.07692,,,,,,
,66,9,1.7,19961.53846,,,,,,
,66,10,3.8,17538.46154,,,,,,
,66,11,5.8,15230.76923,,,,,,
,66,12,7.5,13269.23077,,,,,,
,66,13,8.9,11653.84615,,,,,,
,66,14,9.9,10500,,,,,,
,66,15,10.5,9807.692308,,,,,,
,66,16,10.6,9692.307692,,,,,,
,66,17,10.1,10269.23077,,,,,,
,66,18,9,11538.46154,,,,,,
,66,19,7.5,13269.23077,,,,,,
,66,20,6.7,14192.30769,,,,,,
,66,21,5.9,15115.38462,,,,,,
,66,22,5.1,16038.46154,,,,,,
,66,23,4.2,17076.92308,,,,,,
,66,24,3.4,18000,,,,,,
,67,1,2.8,18692.30769,,,,,,
,67,2,2.2,19384.61538,,,,,,
,67,3,1.6,20076.92308,,,,,,
,67,4,1.3,20423.07692,,,,,,
,67,5,0.9,20884.61538,,,,,,
,67,6,0.7,21115.38462,,,,,,
,67,7,0.5,21346.15385,,,,,,
,67,8,0.6,21230.76923,,,,,,
,67,9,2.6,18923.07692,,,,,,
,67,10,4.8,16384.61538,,,,,,
,67,11,6.9,13961.53846,,,,,,
,67,12,8.9,11653.84615,,,,,,
,67,13,10.4,9923.076923,,,,,,
,67,14,11.5,8653.846154,,,,,,
,67,15,12.1,7961.538462,,,,,,
,67,16,12.2,7846.153846,,,,,,
,67,17,11.7,8423.076923,,,,,,
,67,18,10.6,9692.307692,,,,,,
,67,19,9,11538.46154,,,,,,
,67,20,8.1,12576.92308,,,,,,
,67,21,7.3,13500,,,,,,
,67,22,6.4,14538.46154,,,,,,
,67,23,5.6,15461.53846,,,,,,
,67,24,4.7,16500,,,,,,
,68,1,4,17307.69231,,,,,,
,68,2,3.2,18230.76923,,,,,,
,68,3,2.4,19153.84615,,,,,,
,68,4,1.9,19730.76923,,,,,,
,68,5,1.5,20192.30769,,,,,,
,68,6,1.2,20538.46154,,,,,,
,68,7,0.9,20884.61538,,,,,,
,68,8,1,20769.23077,,,,,,
,68,9,3,18461.53846,,,,,,
,68,10,5.1,16038.46154,,,,,,
,68,11,7.2,13615.38462,,,,,,
,68,12,9,11538.46154,,,,,,
,68,13,10.4,9923.076923,,,,,,
,68,14,11.3,8884.615385,,,,,,
,68,15,11.8,8307.692308,,,,,,
,68,16,11.9,8192.307692,,,,,,
,68,17,11.3,8884.615385,,,,,,
,68,18,10.1,10269.23077,,,,,,
,68,19,8.5,12115.38462,,,,,,
,68,20,8.1,12576.92308,,,,,,
,68,21,7.7,13038.46154,,,,,,
,68,22,7.3,13500,,,,,,
,68,23,6.9,13961.53846,,,,,,
,68,24,6.5,14423.07692,,,,,,
,69,1,6.5,14423.07692,,,,,,
,69,2,6.4,14538.46154,,,,,,
,69,3,6.3,14653.84615,,,,,,
,69,4,6.3,14653.84615,,,,,,
,69,5,6.3,14653.84615,,,,,,
,69,6,6.3,14653.84615,,,,,,
,69,7,6.3,14653.84615,,,,,,
,69,8,6.4,14538.46154,,,,,,
,69,9,6.9,13961.53846,,,,,,
,69,10,7.4,13384.61538,,,,,,
,69,11,8.1,12576.92308,,,,,,
,69,12,8.6,12000,,,,,,
,69,13,9,11538.46154,,,,,,
,69,14,9.3,11192.30769,,,,,,
,69,15,9.5,10961.53846,,,,,,
,69,16,9.5,10961.53846,,,,,,
,69,17,9.2,11307.69231,,,,,,
,69,18,8.9,11653.84615,,,,,,
,69,19,8.6,12000,,,,,,
,69,20,8.1,12576.92308,,,,,,
,69,21,7.3,13500,,,,,,
,69,22,7.3,13500,,,,,,
,69,23,7.2,13615.38462,,,,,,
,69,24,6.9,13961.53846,,,,,,
,70,1,6.6,14307.69231,,,,,,
,70,2,6.2,14769.23077,,,,,,
,70,3,5.8,15230.76923,,,,,,
,70,4,5.6,15461.53846,,,,,,
,70,5,5.4,15692.30769,,,,,,
,70,6,5.3,15807.69231,,,,,,
,70,7,5.2,15923.07692,,,,,,
,70,8,5.3,15807.69231,,,,,,
,70,9,6.7,14192.30769,,,,,,
,70,10,8,12692.30769,,,,,,
,70,11,9.1,11423.07692,,,,,,
,70,12,9.8,10615.38462,,,,,,
,70,13,10,10384.61538,,,,,,
,70,14,11.3,8884.615385,,,,,,
,70,15,11.8,8307.692308,,,,,,
,70,16,11.9,8192.307692,,,,,,
,70,17,11.4,8769.230769,,,,,,
,70,18,10.6,9692.307692,,,,,,
,70,19,9.8,10615.38462,,,,,,
,70,20,9,11538.46154,,,,,,
,70,21,8.2,12461.53846,,,,,,
,70,22,7.3,13500,,,,,,
,70,23,6.5,14423.07692,,,,,,
,70,24,5.6,15461.53846,,,,,,
,71,1,4.8,16384.61538,,,,,,
,71,2,3.9,17423.07692,,,,,,
,71,3,2.9,18576.92308,,,,,,
,71,4,2.4,19153.84615,,,,,,
,71,5,1.9,19730.76923,,,,,,
,71,6,1.6,20076.92308,,,,,,
,71,7,1.3,20423.07692,,,,,,
,71,8,1.4,20307.69231,,,,,,
,71,9,3.7,17653.84615,,,,,,
,71,10,6,15000,,,,,,
,71,11,8.1,12576.92308,,,,,,
,71,12,10.1,10269.23077,,,,,,
,71,13,11.6,8538.461538,,,,,,
,71,14,12.7,7269.230769,,,,,,
,71,15,13.4,6461.538462,,,,,,
,71,16,13.5,6346.153846,,,,,,
,71,17,13.1,6807.692308,,,,,,
,71,18,11.9,8192.307692,,,,,,
,71,19,10.2,10153.84615,,,,,,
,71,20,9.1,11423.07692,,,,,,
,71,21,7.9,12807.69231,,,,,,
,71,22,6.9,13961.53846,,,,,,
,71,23,5.8,15230.76923,,,,,,
,71,24,4.7,16500,,,,,,
,72,1,3.8,17538.46154,,,,,,
,72,2,3,18461.53846,,,,,,
,72,3,2.1,19500,,,,,,
,72,4,1.6,20076.92308,,,,,,
,72,5,1.1,20653.84615,,,,,,
,72,6,0.8,21000,,,,,,
,72,7,0.5,21346.15385,,,,,,
,72,8,0.7,21115.38462,,,,,,
,72,9,3.2,18230.76923,,,,,,
,72,10,5.6,15461.53846,,,,,,
,72,11,7.9,12807.69231,,,,,,
,72,12,10,10384.61538,,,,,,
,72,13,11.6,8538.461538,,,,,,
,72,14,12.8,7153.846154,,,,,,
,72,15,13.5,6346.153846,,,,,,
,72,16,13.6,6230.769231,,,,,,
,72,17,13.1,6807.692308,,,,,,
,72,18,11.9,8192.307692,,,,,,
,72,19,10.1,10269.23077,,,,,,
,72,20,8.9,11653.84615,,,,,,
,72,21,7.8,12923.07692,,,,,,
,72,22,6.7,14192.30769,,,,,,
,72,23,5.6,15461.53846,,,,,,
,72,24,4.5,16730.76923,,,,,,
,73,1,3.7,17653.84615,,,,,,
,73,2,2.7,18807.69231,,,,,,
,73,3,1.8,19846.15385,,,,,,
,73,4,1.3,20423.07692,,,,,,
,73,5,0.8,21000,,,,,,
,73,6,0.4,21461.53846,,,,,,
,73,7,0.1,21807.69231,,,,,,
,73,8,0.3,21576.92308,,,,,,
,73,9,2.4,19153.84615,,,,,,
,73,10,4.5,16730.76923,,,,,,
,73,11,6.5,14423.07692,,,,,,
,73,12,8.4,12230.76923,,,,,,
,73,13,9.8,10615.38462,,,,,,
,73,14,10.9,9346.153846,,,,,,
,73,15,11.4,8769.230769,,,,,,
,73,16,11.6,8538.461538,,,,,,
,73,17,11,9230.769231,,,,,,
,73,18,9.9,10500,,,,,,
,73,19,8.2,12461.53846,,,,,,
,73,20,7.5,13269.23077,,,,,,
,73,21,6.7,14192.30769,,,,,,
,73,22,6,15000,,,,,,
,73,23,5.2,15923.07692,,,,,,
,73,24,4.5,16730.76923,,,,,,
,74,1,4.1,17192.30769,,,,,,
,74,2,3.6,17769.23077,,,,,,
,74,3,3.1,18346.15385,,,,,,
,74,4,2.9,18576.92308,,,,,,
,74,5,2.7,18807.69231,,,,,,
,74,6,2.5,19038.46154,,,,,,
,74,7,2.3,19269.23077,,,,,,
,74,8,2.7,18807.69231,,,,,,
,74,9,4.9,16269.23077,,,,,,
,74,10,7.4,13384.61538,,,,,,
,74,11,9.6,10846.15385,,,,,,
,74,12,11.7,8423.076923,,,,,,
,74,13,13.1,6807.692308,,,,,,
,74,14,14,5769.230769,,,,,,
,74,15,14.5,5192.307692,,,,,,
,74,16,14.7,4961.538462,,,,,,
,74,17,14.2,5538.461538,,,,,,
,74,18,13.1,6807.692308,,,,,,
,74,19,11.5,8653.846154,,,,,,
,74,20,10.9,9346.153846,,,,,,
,74,21,10.4,9923.076923,,,,,,
,74,22,9.9,10500,,,,,,
,74,23,9.3,11192.30769,,,,,,
,74,24,8.8,11769.23077,,,,,,
,75,1,8.4,12230.76923,,,,,,
,75,2,8,12692.30769,,,,,,
,75,3,7.7,13038.46154,,,,,,
,75,4,7.5,13269.23077,,,,,,
,75,5,7.3,13500,,,,,,
,75,6,7.1,13730.76923,,,,,,
,75,7,7,13846.15385,,,,,,
,75,8,7.2,13615.38462,,,,,,
,75,9,8.2,12461.53846,,,,,,
,75,10,9.3,11192.30769,,,,,,
,75,11,10.3,10038.46154,,,,,,
,75,12,11.2,9000,,,,,,
,75,13,12.1,7961.538462,,,,,,
,75,14,12.8,7153.846154,,,,,,
,75,15,13.3,6576.923077,,,,,,
,75,16,13.3,6576.923077,,,,,,
,75,17,12.9,7038.461538,,,,,,
,75,18,12.2,7846.153846,,,,,,
,75,19,11.4,8769.230769,,,,,,
,75,20,10.9,9346.153846,,,,,,
,75,21,10.4,9923.076923,,,,,,
,75,22,9.8,10615.38462,,,,,,
,75,23,9.5,10961.53846,,,,,,
,75,24,9,11538.46154,,,,,,
,76,1,8.5,12115.38462,,,,,,
,76,2,8.1,12576.92308,,,,,,
,76,3,7.7,13038.46154,,,,,,
,76,4,7.5,13269.23077,,,,,,
,76,5,7.3,13500,,,,,,
,76,6,7.1,13730.76923,,,,,,
,76,7,7,13846.15385,,,,,,
,76,8,7.1,13730.76923,,,,,,
,76,9,7.3,13500,,,,,,
,76,10,7.4,13384.61538,,,,,,
,76,11,7.6,13153.84615,,,,,,
,76,12,7.8,12923.07692,,,,,,
,76,13,7.9,12807.69231,,,,,,
,76,14,9.4,11076.92308,,,,,,
,76,15,10.2,10153.84615,,,,,,
,76,16,10.9,9346.153846,,,,,,
,76,17,10.7,9576.923077,,,,,,
,76,18,11,9230.769231,,,,,,
,76,19,10.5,9807.692308,,,,,,
,76,20,10.1,10269.23077,,,,,,
,76,21,9.7,10730.76923,,,,,,
,76,22,9.3,11192.30769,,,,,,
,76,23,8.9,11653.84615,,,,,,
,76,24,8.5,12115.38462,,,,,,
,77,1,8.1,12576.92308,,,,,,
,77,2,7.7,13038.46154,,,,,,
,77,3,7.2,13615.38462,,,,,,
,77,4,7,13846.15385,,,,,,
,77,5,6.7,14192.30769,,,,,,
,77,6,6.5,14423.07692,,,,,,
,77,7,6.3,14653.84615,,,,,,
,77,8,6.8,14076.92308,,,,,,
,77,9,9.4,11076.92308,,,,,,
,77,10,12.2,7846.153846,,,,,,
,77,11,14.5,5192.307692,,,,,,
,77,12,16.3,3115.384615,,,,,,
,77,13,17.8,1384.615385,,,,,,
,77,14,18.9,115.3846154,,,,,,
,77,15,19.6,0,,,,,,
,77,16,19.8,0,,,,,,
,77,17,19.3,0,,,,,,
,77,18,18,1153.846154,,,,,,
,77,19,16.1,3346.153846,,,,,,
,77,20,15.5,4038.461538,,,,,,
,77,21,15,4615.384615,,,,,,
,77,22,14.4,5307.692308,,,,,,
,77,23,13.8,6000,,,,,,
,77,24,13.3,6576.923077,,,,,,
,78,1,13.1,6807.692308,,,,,,
,78,2,12.9,7038.461538,,,,,,
,78,3,12.8,7153.846154,,,,,,
,78,4,12.7,7269.230769,,,,,,
,78,5,12.6,7384.615385,,,,,,
,78,6,12.6,7384.615385,,,,,,
,78,7,12.6,7384.615385,,,,,,
,78,8,12.7,7269.230769,,,,,,
,78,9,13,6923.076923,,,,,,
,78,10,13.2,6692.307692,,,,,,
,78,11,13.5,6346.153846,,,,,,
,78,12,13.7,6115.384615,,,,,,
,78,13,13.8,6000,,,,,,
,78,14,15.6,3923.076923,,,,,,
,78,15,16.2,3230.769231,,,,,,
,78,16,17.4,1846.153846,,,,,,
,78,17,17.7,1500,,,,,,
,78,18,17.6,1615.384615,,,,,,
,78,19,16.9,2423.076923,,,,,,
,78,20,16.5,2884.615385,,,,,,
,78,21,16.1,3346.153846,,,,,,
,78,22,15.6,3923.076923,,,,,,
,78,23,15,4615.384615,,,,,,
,78,24,14.5,5192.307692,,,,,,
,79,1,14.1,5653.846154,,,,,,
,79,2,13.4,6461.538462,,,,,,
,79,3,12.8,7153.846154,,,,,,
,79,4,12.4,7615.384615,,,,,,
,79,5,12.1,7961.538462,,,,,,
,79,6,11.9,8192.307692,,,,,,
,79,7,11.6,8538.461538,,,,,,
,79,8,11.7,8423.076923,,,,,,
,79,9,12.6,7384.615385,,,,,,
,79,10,13.4,6461.538462,,,,,,
,79,11,14.4,5307.692308,,,,,,
,79,12,15,4615.384615,,,,,,
,79,13,15.6,3923.076923,,,,,,
,79,14,15.8,3692.307692,,,,,,
,79,15,16.1,3346.153846,,,,,,
,79,16,16.2,3230.769231,,,,,,
,79,17,16,3461.538462,,,,,,
,79,18,15.5,4038.461538,,,,,,
,79,19,14.8,4846.153846,,,,,,
,79,20,14.2,5538.461538,,,,,,
,79,21,13.5,6346.153846,,,,,,
,79,22,12.8,7153.846154,,,,,,
,79,23,12.2,7846.153846,,,,,,
,79,24,11.5,8653.846154,,,,,,
,80,1,11,9230.769231,,,,,,
,80,2,10.4,9923.076923,,,,,,
,80,3,9.9,10500,,,,,,
,80,4,9.6,10846.15385,,,,,,
,80,5,9.3,11192.30769,,,,,,
,80,6,9.1,11423.07692,,,,,,
,80,7,9.1,11423.07692,,,,,,
,80,8,9.2,11307.69231,,,,,,
,80,9,9.4,11076.92308,,,,,,
,80,10,9.6,10846.15385,,,,,,
,80,11,9.8,10615.38462,,,,,,
,80,12,10,10384.61538,,,,,,
,80,13,10.1,10269.23077,,,,,,
,80,14,11.7,8423.076923,,,,,,
,80,15,12.8,7153.846154,,,,,,
,80,16,13.5,6346.153846,,,,,,
,80,17,13.8,6000,,,,,,
,80,18,13.7,6115.384615,,,,,,
,80,19,13.2,6692.307692,,,,,,
,80,20,12.8,7153.846154,,,,,,
,80,21,12.4,7615.384615,,,,,,
,80,22,12,8076.923077,,,,,,
,80,23,11.6,8538.461538,,,,,,
,80,24,11,9230.769231,,,,,,
,81,1,11.1,9115.384615,,,,,,
,81,2,10.7,9576.923077,,,,,,
,81,3,10.4,9923.076923,,,,,,
,81,4,10.2,10153.84615,,,,,,
,81,5,9.7,10730.76923,,,,,,
,81,6,9.8,10615.38462,,,,,,
,81,7,9.9,10500,,,,,,
,81,8,10.7,9576.923077,,,,,,
,81,9,11.5,8653.846154,,,,,,
,81,10,11.6,8538.461538,,,,,,
,81,11,11.6,8538.461538,,,,,,
,81,12,12.8,7153.846154,,,,,,
,81,13,13.4,6461.538462,,,,,,
,81,14,13.9,5884.615385,,,,,,
,81,15,14.7,4961.538462,,,,,,
,81,16,15.1,4500,,,,,,
,81,17,15.1,4500,,,,,,
,81,18,14.9,4730.769231,,,,,,
,81,19,14.3,5423.076923,,,,,,
,81,20,13.7,6115.384615,,,,,,
,81,21,13.4,6461.538462,,,,,,
,81,22,13,6923.076923,,,,,,
,81,23,12.7,7269.230769,,,,,,
,81,24,12.4,7615.384615,,,,,,
,82,1,12.1,7961.538462,,,,,,
,82,2,11.8,8307.692308,,,,,,
,82,3,11.5,8653.846154,,,,,,
,82,4,11.3,8884.615385,,,,,,
,82,5,11.2,9000,,,,,,
,82,6,11,9230.769231,,,,,,
,82,7,11.1,9115.384615,,,,,,
,82,8,11.2,9000,,,,,,
,82,9,11.5,8653.846154,,,,,,
,82,10,11.8,8307.692308,,,,,,
,82,11,12.1,7961.538462,,,,,,
,82,12,12.4,7615.384615,,,,,,
,82,13,12.6,7384.615385,,,,,,
,82,14,12.8,7153.846154,,,,,,
,82,15,12.9,7038.461538,,,,,,
,82,16,12.9,7038.461538,,,,,,
,82,17,12.8,7153.846154,,,,,,
,82,18,12.6,7384.615385,,,,,,
,82,19,12.3,7730.769231,,,,,,
,82,20,11.9,8192.307692,,,,,,
,82,21,11.7,8423.076923,,,,,,
,82,22,10.6,9692.307692,,,,,,
,82,23,10.9,9346.153846,,,,,,
,82,24,10.5,9807.692308,,,,,,
,83,1,10.1,10269.23077,,,,,,
,83,2,9.3,11192.30769,,,,,,
,83,3,9.1,11423.07692,,,,,,
,83,4,9.1,11423.07692,,,,,,
,83,5,8.9,11653.84615,,,,,,
,83,6,8.8,11769.23077,,,,,,
,83,7,8.7,11884.61538,,,,,,
,83,8,7.6,13153.84615,,,,,,
,83,9,8.8,11769.23077,,,,,,
,83,10,9.1,11423.07692,,,,,,
,83,11,9.4,11076.92308,,,,,,
,83,12,9.6,10846.15385,,,,,,
,83,13,9.2,11307.69231,,,,,,
,83,14,9.9,10500,,,,,,
,83,15,9.8,10615.38462,,,,,,
,83,16,9.9,10500,,,,,,
,83,17,9.9,10500,,,,,,
,83,18,9.8,10615.38462,,,,,,
,83,19,9.6,10846.15385,,,,,,
,83,20,9.3,11192.30769,,,,,,
,83,21,8.9,11653.84615,,,,,,
,83,22,8.3,12346.15385,,,,,,
,83,23,8.2,12461.53846,,,,,,
,83,24,7.7,13038.46154,,,,,,
,84,1,6.8,14076.92308,,,,,,
,84,2,5.9,15115.38462,,,,,,
,84,3,5,16153.84615,,,,,,
,84,4,4.5,16730.76923,,,,,,
,84,5,4.1,17192.30769,,,,,,
,84,6,3.7,17653.84615,,,,,,
,84,7,3.7,17653.84615,,,,,,
,84,8,4.9,16269.23077,,,,,,
,84,9,6.9,13961.53846,,,,,,
,84,10,9.3,11192.30769,,,,,,
,84,11,11.5,8653.846154,,,,,,
,84,12,13.6,6230.769231,,,,,,
,84,13,15.3,4269.230769,,,,,,
,84,14,16.6,2769.230769,,,,,,
,84,15,17.5,1730.769231,,,,,,
,84,16,17.8,1384.615385,,,,,,
,84,17,17.6,1615.384615,,,,,,
,84,18,16.6,2769.230769,,,,,,
,84,19,15,4615.384615,,,,,,
,84,20,13.4,6461.538462,,,,,,
,84,21,12.3,7730.769231,,,,,,
,84,22,11.2,9000,,,,,,
,84,23,10.1,10269.23077,,,,,,
,84,24,9,11538.46154,,,,,,
,85,1,8.2,12461.53846,,,,,,
,85,2,7.2,13615.38462,,,,,,
,85,3,6.3,14653.84615,,,,,,
,85,4,5.8,15230.76923,,,,,,
,85,5,5.3,15807.69231,,,,,,
,85,6,5,16153.84615,,,,,,
,85,7,4.9,16269.23077,,,,,,
,85,8,6.1,14884.61538,,,,,,
,85,9,7.9,12807.69231,,,,,,
,85,10,9.1,11423.07692,,,,,,
,85,11,10.3,10038.46154,,,,,,
,85,12,12.5,7500,,,,,,
,85,13,14.2,5538.461538,,,,,,
,85,14,14.5,5192.307692,,,,,,
,85,15,15,4615.384615,,,,,,
,85,16,15.3,4269.230769,,,,,,
,85,17,15.4,4153.846154,,,,,,
,85,18,15,4615.384615,,,,,,
,85,19,13.9,5884.615385,,,,,,
,85,20,12.5,7500,,,,,,
,85,21,11.6,8538.461538,,,,,,
,85,22,10.6,9692.307692,,,,,,
,85,23,9.7,10730.76923,,,,,,
,85,24,8.7,11884.61538,,,,,,
,86,1,8.1,12576.92308,,,,,,
,86,2,7.4,13384.61538,,,,,,
,86,3,6.8,14076.92308,,,,,,
,86,4,6.4,14538.46154,,,,,,
,86,5,6.1,14884.61538,,,,,,
,86,6,5.9,15115.38462,,,,,,
,86,7,5.8,15230.76923,,,,,,
,86,8,6.9,13961.53846,,,,,,
,86,9,8.7,11884.61538,,,,,,
,86,10,10.5,9807.692308,,,,,,
,86,11,12.4,7615.384615,,,,,,
,86,12,14.1,5653.846154,,,,,,
,86,13,15.5,4038.461538,,,,,,
,86,14,16.5,2884.615385,,,,,,
,86,15,17.1,2192.307692,,,,,,
,86,16,17.3,1961.538462,,,,,,
,86,17,17.1,2192.307692,,,,,,
,86,18,16.2,3230.769231,,,,,,
,86,19,15,4615.384615,,,,,,
,86,20,13.7,6115.384615,,,,,,
,86,21,12.8,7153.846154,,,,,,
,86,22,11.9,8192.307692,,,,,,
,86,23,11,9230.769231,,,,,,
,86,24,10.1,10269.23077,,,,,,
,87,1,9.3,11192.30769,,,,,,
,87,2,8.5,12115.38462,,,,,,
,87,3,7.7,13038.46154,,,,,,
,87,4,7.3,13500,,,,,,
,87,5,6.9,13961.53846,,,,,,
,87,6,6.6,14307.69231,,,,,,
,87,7,6.6,14307.69231,,,,,,
,87,8,8.1,12576.92308,,,,,,
,87,9,9.1,11423.07692,,,,,,
,87,10,10.6,9692.307692,,,,,,
,87,11,10,10384.61538,,,,,,
,87,12,10.2,10153.84615,,,,,,
,87,13,10.7,9576.923077,,,,,,
,87,14,11.5,8653.846154,,,,,,
,87,15,12.9,7038.461538,,,,,,
,87,16,13.1,6807.692308,,,,,,
,87,17,12.6,7384.615385,,,,,,
,87,18,12,8076.923077,,,,,,
,87,19,11.3,8884.615385,,,,,,
,87,20,10.4,9923.076923,,,,,,
,87,21,9.8,10615.38462,,,,,,
,87,22,9,11538.46154,,,,,,
,87,23,8.3,12346.15385,,,,,,
,87,24,7.5,13269.23077,,,,,,
,88,1,6.9,13961.53846,,,,,,
,88,2,6.1,14884.61538,,,,,,
,88,3,5.7,15346.15385,,,,,,
,88,4,5.4,15692.30769,,,,,,
,88,5,5.1,16038.46154,,,,,,
,88,6,4.9,16269.23077,,,,,,
,88,7,4.9,16269.23077,,,,,,
,88,8,6.1,14884.61538,,,,,,
,88,9,6.6,14307.69231,,,,,,
,88,10,7.3,13500,,,,,,
,88,11,8.7,11884.61538,,,,,,
,88,12,9.9,10500,,,,,,
,88,13,9.7,10730.76923,,,,,,
,88,14,9.9,10500,,,,,,
,88,15,10.2,10153.84615,,,,,,
,88,16,9.9,10500,,,,,,
,88,17,9.3,11192.30769,,,,,,
,88,18,8.9,11653.84615,,,,,,
,88,19,8.2,12461.53846,,,,,,
,88,20,7.7,13038.46154,,,,,,
,88,21,7.1,13730.76923,,,,,,
,88,22,6.4,14538.46154,,,,,,
,88,23,5.8,15230.76923,,,,,,
,88,24,5.2,15923.07692,,,,,,
,89,1,4.7,16500,,,,,,
,89,2,4.2,17076.92308,,,,,,
,89,3,3.6,17769.23077,,,,,,
,89,4,3.4,18000,,,,,,
,89,5,3.1,18346.15385,,,,,,
,89,6,2.9,18576.92308,,,,,,
,89,7,2.9,18576.92308,,,,,,
,89,8,4.1,17192.30769,,,,,,
,89,9,6,15000,,,,,,
,89,10,8.2,12461.53846,,,,,,
,89,11,10.3,10038.46154,,,,,,
,89,12,12.1,7961.538462,,,,,,
,89,13,13.8,6000,,,,,,
,89,14,14.8,4846.153846,,,,,,
,89,15,15.4,4153.846154,,,,,,
,89,16,15.6,3923.076923,,,,,,
,89,17,15.3,4269.230769,,,,,,
,89,18,14.4,5307.692308,,,,,,
,89,19,13.1,6807.692308,,,,,,
,89,20,11.7,8423.076923,,,,,,
,89,21,10.7,9576.923077,,,,,,
,89,22,9.6,10846.15385,,,,,,
,89,23,8.6,12000,,,,,,
,89,24,7.6,13153.84615,,,,,,
,90,1,6.6,14307.69231,,,,,,
,90,2,5.6,15461.53846,,,,,,
,90,3,4.6,16615.38462,,,,,,
,90,4,4.1,17192.30769,,,,,,
,90,5,3.6,17769.23077,,,,,,
,90,6,3.2,18230.76923,,,,,,
,90,7,3.1,18346.15385,,,,,,
,90,8,4.7,16500,,,,,,
,90,9,7.1,13730.76923,,,,,,
,90,10,9.6,10846.15385,,,,,,
,90,11,12.1,7961.538462,,,,,,
,90,12,14.3,5423.076923,,,,,,
,90,13,16.1,3346.153846,,,,,,
,90,14,17.4,1846.153846,,,,,,
,90,15,18.2,923.0769231,,,,,,
,90,16,18.5,576.9230769,,,,,,
,90,17,18.1,1038.461538,,,,,,
,90,18,16.9,2423.076923,,,,,,
,90,19,15.2,4384.615385,,,,,,
,90,20,13.4,6461.538462,,,,,,
,90,21,12.8,7153.846154,,,,,,
,90,22,12.1,7961.538462,,,,,,
,90,23,11.5,8653.846154,,,,,,
,90,24,10.8,9461.538462,,,,,,
avril,91,1,10.6,9692.307692,,,,,,
,91,2,10.3,10038.46154,,,,,,
,91,3,10,10384.61538,,,,,,
,91,4,9.9,10500,,,,,,
,91,5,9.8,10615.38462,,,,,,
,91,6,9.7,10730.76923,,,,,,
,91,7,9.8,10615.38462,,,,,,
,91,8,11.2,9000,,,,,,
,91,9,13.2,6692.307692,,,,,,
,91,10,15.3,4269.230769,,,,,,
,91,11,17.4,1846.153846,,,,,,
,91,12,19.2,0,,,,,,
,91,13,20.7,0,,,,,,
,91,14,21.8,0,,,,,,
,91,15,22.6,0,,,,,,
,91,16,22.8,0,,,,,,
,91,17,22.6,0,,,,,,
,91,18,21.7,0,,,,,,
,91,19,20.4,0,,,,,,
,91,20,19,0,,,,,,
,91,21,17.8,1384.615385,,,,,,
,91,22,16.6,2769.230769,,,,,,
,91,23,15.5,4038.461538,,,,,,
,91,24,14.4,5307.692308,,,,,,
,92,1,13.2,6692.307692,,,,,,
,92,2,11.9,8192.307692,,,,,,
,92,3,10.7,9576.923077,,,,,,
,92,4,10,10384.61538,,,,,,
,92,5,9.3,11192.30769,,,,,,
,92,6,8.9,11653.84615,,,,,,
,92,7,8.8,11769.23077,,,,,,
,92,8,10.2,10153.84615,,,,,,
,92,9,12,8076.923077,,,,,,
,92,10,13.9,5884.615385,,,,,,
,92,11,15.7,3807.692308,,,,,,
,92,12,17.2,2076.923077,,,,,,
,92,13,18.5,576.9230769,,,,,,
,92,14,19.5,0,,,,,,
,92,15,20,0,,,,,,
,92,16,20.2,0,,,,,,
,92,17,19.8,0,,,,,,
,92,18,18.9,115.3846154,,,,,,
,92,19,17.6,1615.384615,,,,,,
,92,20,16.2,3230.769231,,,,,,
,92,21,14.9,4730.769231,,,,,,
,92,22,13.6,6230.769231,,,,,,
,92,23,12.3,7730.769231,,,,,,
,92,24,10.9,9346.153846,,,,,,
,93,1,10,10384.61538,,,,,,
,93,2,9,11538.46154,,,,,,
,93,3,8,12692.30769,,,,,,
,93,4,7.5,13269.23077,,,,,,
,93,5,7,13846.15385,,,,,,
,93,6,6.6,14307.69231,,,,,,
,93,7,6.6,14307.69231,,,,,,
,93,8,7.7,13038.46154,,,,,,
,93,9,9.3,11192.30769,,,,,,
,93,10,11.2,9000,,,,,,
,93,11,12.6,7384.615385,,,,,,
,93,12,13.5,6346.153846,,,,,,
,93,13,14.5,5192.307692,,,,,,
,93,14,15.6,3923.076923,,,,,,
,93,15,16.1,3346.153846,,,,,,
,93,16,16.3,3115.384615,,,,,,
,93,17,16,3461.538462,,,,,,
,93,18,15.2,4384.615385,,,,,,
,93,19,14.1,5653.846154,,,,,,
,93,20,12.9,7038.461538,,,,,,
,93,21,11.9,8192.307692,,,,,,
,93,22,10.9,9346.153846,,,,,,
,93,23,9.9,10500,,,,,,
,93,24,8.9,11653.84615,,,,,,
,94,1,8.2,12461.53846,,,,,,
,94,2,7.4,13384.61538,,,,,,
,94,3,6.7,14192.30769,,,,,,
,94,4,6.3,14653.84615,,,,,,
,94,5,5.9,15115.38462,,,,,,
,94,6,5.6,15461.53846,,,,,,
,94,7,5.7,15346.15385,,,,,,
,94,8,7.1,13730.76923,,,,,,
,94,9,8.9,11653.84615,,,,,,
,94,10,10.6,9692.307692,,,,,,
,94,11,12.4,7615.384615,,,,,,
,94,12,13.9,5884.615385,,,,,,
,94,13,15.1,4500,,,,,,
,94,14,16.1,3346.153846,,,,,,
,94,15,16.6,2769.230769,,,,,,
,94,16,16.8,2538.461538,,,,,,
,94,17,16.5,2884.615385,,,,,,
,94,18,15.8,3692.307692,,,,,,
,94,19,14.6,5076.923077,,,,,,
,94,20,13.3,6576.923077,,,,,,
,94,21,12.3,7730.769231,,,,,,
,94,22,11.2,9000,,,,,,
,94,23,10.2,10153.84615,,,,,,
,94,24,9.2,11307.69231,,,,,,
,95,1,8.3,12346.15385,,,,,,
,95,2,7.5,13269.23077,,,,,,
,95,3,6.6,14307.69231,,,,,,
,95,4,6.1,14884.61538,,,,,,
,95,5,5.7,15346.15385,,,,,,
,95,6,5.4,15692.30769,,,,,,
,95,7,5.4,15692.30769,,,,,,
,95,8,6.6,14307.69231,,,,,,
,95,9,8.3,12346.15385,,,,,,
,95,10,9.9,10500,,,,,,
,95,11,11.4,8769.230769,,,,,,
,95,12,12.8,7153.846154,,,,,,
,95,13,13.9,5884.615385,,,,,,
,95,14,14.6,5076.923077,,,,,,
,95,15,15,4615.384615,,,,,,
,95,16,15.2,4384.615385,,,,,,
,95,17,14.8,4846.153846,,,,,,
,95,18,14.1,5653.846154,,,,,,
,95,19,13,6923.076923,,,,,,
,95,20,11.8,8307.692308,,,,,,
,95,21,10.9,9346.153846,,,,,,
,95,22,10,10384.61538,,,,,,
,95,23,9.1,11423.07692,,,,,,
,95,24,8.3,12346.15385,,,,,,
,96,1,7.6,13153.84615,,,,,,
,96,2,7,13846.15385,,,,,,
,96,3,6.4,14538.46154,,,,,,
,96,4,6,15000,,,,,,
,96,5,5.7,15346.15385,,,,,,
,96,6,5.5,15576.92308,,,,,,
,96,7,5.5,15576.92308,,,,,,
,96,8,6.9,13961.53846,,,,,,
,96,9,8.6,12000,,,,,,
,96,10,10.4,9923.076923,,,,,,
,96,11,12.1,7961.538462,,,,,,
,96,12,13.5,6346.153846,,,,,,
,96,13,14.7,4961.538462,,,,,,
,96,14,15.6,3923.076923,,,,,,
,96,15,16.1,3346.153846,,,,,,
,96,16,16.2,3230.769231,,,,,,
,96,17,15.9,3576.923077,,,,,,
,96,18,15.1,4500,,,,,,
,96,19,13.9,5884.615385,,,,,,
,96,20,12.7,7269.230769,,,,,,
,96,21,11.9,8192.307692,,,,,,
,96,22,11,9230.769231,,,,,,
,96,23,10.2,10153.84615,,,,,,
,96,24,9.4,11076.92308,,,,,,
,97,1,8.7,11884.61538,,,,,,
,97,2,8,12692.30769,,,,,,
,97,3,7.4,13384.61538,,,,,,
,97,4,7,13846.15385,,,,,,
,97,5,6.7,14192.30769,,,,,,
,97,6,6.4,14538.46154,,,,,,
,97,7,6.4,14538.46154,,,,,,
,97,8,6.5,14423.07692,,,,,,
,97,9,7.4,13384.61538,,,,,,
,97,10,8.4,12230.76923,,,,,,
,97,11,9.8,10615.38462,,,,,,
,97,12,10.8,9461.538462,,,,,,
,97,13,11.6,8538.461538,,,,,,
,97,14,12.2,7846.153846,,,,,,
,97,15,12.7,7269.230769,,,,,,
,97,16,13.2,6692.307692,,,,,,
,97,17,13.5,6346.153846,,,,,,
,97,18,13.5,6346.153846,,,,,,
,97,19,12.8,7153.846154,,,,,,
,97,20,11.9,8192.307692,,,,,,
,97,21,11.4,8769.230769,,,,,,
,97,22,10.9,9346.153846,,,,,,
,97,23,10.4,9923.076923,,,,,,
,97,24,9.9,10500,,,,,,
,98,1,9.6,10846.15385,,,,,,
,98,2,9.3,11192.30769,,,,,,
,98,3,9,11538.46154,,,,,,
,98,4,8.9,11653.84615,,,,,,
,98,5,8.8,11769.23077,,,,,,
,98,6,8.7,11884.61538,,,,,,
,98,7,8.8,11769.23077,,,,,,
,98,8,8.9,11653.84615,,,,,,
,98,9,9.1,11423.07692,,,,,,
,98,10,9,11538.46154,,,,,,
,98,11,9.6,10846.15385,,,,,,
,98,12,10.4,9923.076923,,,,,,
,98,13,11.3,8884.615385,,,,,,
,98,14,12.5,7500,,,,,,
,98,15,13.4,6461.538462,,,,,,
,98,16,13.7,6115.384615,,,,,,
,98,17,14.2,5538.461538,,,,,,
,98,18,14.2,5538.461538,,,,,,
,98,19,13.8,6000,,,,,,
,98,20,13.2,6692.307692,,,,,,
,98,21,12.5,7500,,,,,,
,98,22,11.9,8192.307692,,,,,,
,98,23,11.2,9000,,,,,,
,98,24,9.9,10500,,,,,,
,99,1,10,10384.61538,,,,,,
,99,2,9.2,11307.69231,,,,,,
,99,3,8.3,12346.15385,,,,,,
,99,4,7.7,13038.46154,,,,,,
,99,5,6.8,14076.92308,,,,,,
,99,6,7.1,13730.76923,,,,,,
,99,7,7.2,13615.38462,,,,,,
,99,8,7.6,13153.84615,,,,,,
,99,9,8.3,12346.15385,,,,,,
,99,10,8.9,11653.84615,,,,,,
,99,11,9.3,11192.30769,,,,,,
,99,12,10,10384.61538,,,,,,
,99,13,10.6,9692.307692,,,,,,
,99,14,11,9230.769231,,,,,,
,99,15,11.1,9115.384615,,,,,,
,99,16,11.1,9115.384615,,,,,,
,99,17,11,9230.769231,,,,,,
,99,18,10.7,9576.923077,,,,,,
,99,19,10.2,10153.84615,,,,,,
,99,20,9.6,10846.15385,,,,,,
,99,21,9.5,10961.53846,,,,,,
,99,22,9.5,10961.53846,,,,,,
,99,23,9.4,11076.92308,,,,,,
,99,24,9.4,11076.92308,,,,,,
,100,1,9.7,10730.76923,,,,,,
,100,2,10,10384.61538,,,,,,
,100,3,10.2,10153.84615,,,,,,
,100,4,10.4,9923.076923,,,,,,
,100,5,10.4,9923.076923,,,,,,
,100,6,10.7,9576.923077,,,,,,
,100,7,10.5,9807.692308,,,,,,
,100,8,10.9,9346.153846,,,,,,
,100,9,13.3,6576.923077,,,,,,
,100,10,14.6,5076.923077,,,,,,
,100,11,15.1,4500,,,,,,
,100,12,15.8,3692.307692,,,,,,
,100,13,16.3,3115.384615,,,,,,
,100,14,16.8,2538.461538,,,,,,
,100,15,17.2,2076.923077,,,,,,
,100,16,16.8,2538.461538,,,,,,
,100,17,16.6,2769.230769,,,,,,
,100,18,16.2,3230.769231,,,,,,
,100,19,15.8,3692.307692,,,,,,
,100,20,15.3,4269.230769,,,,,,
,100,21,14.5,5192.307692,,,,,,
,100,22,13.9,5884.615385,,,,,,
,100,23,13.2,6692.307692,,,,,,
,100,24,12.6,7384.615385,,,,,,
,101,1,11.3,8884.615385,,,,,,
,101,2,9.9,10500,,,,,,
,101,3,8.5,12115.38462,,,,,,
,101,4,7.7,13038.46154,,,,,,
,101,5,6.9,13961.53846,,,,,,
,101,6,6.4,14538.46154,,,,,,
,101,7,6.5,14423.07692,,,,,,
,101,8,7.9,12807.69231,,,,,,
,101,9,9.5,10961.53846,,,,,,
,101,10,11.1,9115.384615,,,,,,
,101,11,12.5,7500,,,,,,
,101,12,13.8,6000,,,,,,
,101,13,14.7,4961.538462,,,,,,
,101,14,15.4,4153.846154,,,,,,
,101,15,15.9,3576.923077,,,,,,
,101,16,16.1,3346.153846,,,,,,
,101,17,16.1,3346.153846,,,,,,
,101,18,15.4,4153.846154,,,,,,
,101,19,14.3,5423.076923,,,,,,
,101,20,13,6923.076923,,,,,,
,101,21,12.3,7730.769231,,,,,,
,101,22,11.6,8538.461538,,,,,,
,101,23,11,9230.769231,,,,,,
,101,24,10.3,10038.46154,,,,,,
,102,1,10.2,10153.84615,,,,,,
,102,2,10.3,10038.46154,,,,,,
,102,3,10.3,10038.46154,,,,,,
,102,4,10.4,9923.076923,,,,,,
,102,5,10.4,9923.076923,,,,,,
,102,6,10.5,9807.692308,,,,,,
,102,7,11.1,9115.384615,,,,,,
,102,8,13.6,6230.769231,,,,,,
,102,9,14,5769.230769,,,,,,
,102,10,13.6,6230.769231,,,,,,
,102,11,13.5,6346.153846,,,,,,
,102,12,13.4,6461.538462,,,,,,
,102,13,14.3,5423.076923,,,,,,
,102,14,15.5,4038.461538,,,,,,
,102,15,18.1,1038.461538,,,,,,
,102,16,19.8,0,,,,,,
,102,17,20.8,0,,,,,,
,102,18,21,0,,,,,,
,102,19,20.5,0,,,,,,
,102,20,19.5,0,,,,,,
,102,21,18.1,1038.461538,,,,,,
,102,22,16.7,2653.846154,,,,,,
,102,23,15.4,4153.846154,,,,,,
,102,24,14.1,5653.846154,,,,,,
,103,1,12.4,7615.384615,,,,,,
,103,2,10.7,9576.923077,,,,,,
,103,3,8.9,11653.84615,,,,,,
,103,4,7.9,12807.69231,,,,,,
,103,5,7,13846.15385,,,,,,
,103,6,6.4,14538.46154,,,,,,
,103,7,6.5,14423.07692,,,,,,
,103,8,6.8,14076.92308,,,,,,
,103,9,7.5,13269.23077,,,,,,
,103,10,9.7,10730.76923,,,,,,
,103,11,10.8,9461.538462,,,,,,
,103,12,10.9,9346.153846,,,,,,
,103,13,11.7,8423.076923,,,,,,
,103,14,12.5,7500,,,,,,
,103,15,13.6,6230.769231,,,,,,
,103,16,13.7,6115.384615,,,,,,
,103,17,13.1,6807.692308,,,,,,
,103,18,12,8076.923077,,,,,,
,103,19,10.9,9346.153846,,,,,,
,103,20,10,10384.61538,,,,,,
,103,21,8.9,11653.84615,,,,,,
,103,22,7.7,13038.46154,,,,,,
,103,23,6.5,14423.07692,,,,,,
,103,24,5.4,15692.30769,,,,,,
,104,1,4.7,16500,,,,,,
,104,2,3.9,17423.07692,,,,,,
,104,3,3.2,18230.76923,,,,,,
,104,4,2.8,18692.30769,,,,,,
,104,5,2.4,19153.84615,,,,,,
,104,6,2.1,19500,,,,,,
,104,7,2.4,19153.84615,,,,,,
,104,8,4.5,16730.76923,,,,,,
,104,9,6.7,14192.30769,,,,,,
,104,10,8.9,11653.84615,,,,,,
,104,11,11,9230.769231,,,,,,
,104,12,12.8,7153.846154,,,,,,
,104,13,14.2,5538.461538,,,,,,
,104,14,15.3,4269.230769,,,,,,
,104,15,16,3461.538462,,,,,,
,104,16,16.2,3230.769231,,,,,,
,104,17,15.9,3576.923077,,,,,,
,104,18,15,4615.384615,,,,,,
,104,19,13.6,6230.769231,,,,,,
,104,20,11.9,8192.307692,,,,,,
,104,21,10.6,9692.307692,,,,,,
,104,22,9.3,11192.30769,,,,,,
,104,23,8,12692.30769,,,,,,
,104,24,6.7,14192.30769,,,,,,
,105,1,5.6,15461.53846,,,,,,
,105,2,4.5,16730.76923,,,,,,
,105,3,3.3,18115.38462,,,,,,
,105,4,2.7,18807.69231,,,,,,
,105,5,2.1,19500,,,,,,
,105,6,1.6,20076.92308,,,,,,
,105,7,1.9,19730.76923,,,,,,
,105,8,3.7,17653.84615,,,,,,
,105,9,5.6,15461.53846,,,,,,
,105,10,7.4,13384.61538,,,,,,
,105,11,9.2,11307.69231,,,,,,
,105,12,10.7,9576.923077,,,,,,
,105,13,11.9,8192.307692,,,,,,
,105,14,12.7,7269.230769,,,,,,
,105,15,13.1,6807.692308,,,,,,
,105,16,13.2,6692.307692,,,,,,
,105,17,12.8,7153.846154,,,,,,
,105,18,11.9,8192.307692,,,,,,
,105,19,10.6,9692.307692,,,,,,
,105,20,9.1,11423.07692,,,,,,
,105,21,8.1,12576.92308,,,,,,
,105,22,7.1,13730.76923,,,,,,
,105,23,6.1,14884.61538,,,,,,
,105,24,5.1,16038.46154,fin période 2,,,,,
,106,1,4.7,,,,,,,
,106,2,4.2,,,,,,,
,106,3,3.7,,,,,,,
,106,4,3.4,,,,,,,
,106,5,3.2,,,,,,,
,106,6,3,,,,,,,
,106,7,3.2,,,,,,,
,106,8,4.2,,,,,,,
,106,9,5.1,,,,,,,
,106,10,6.1,,,,,,,
,106,11,7,,,,,,,
,106,12,7.7,,,,,,,
,106,13,8.3,,,,,,,
,106,14,8.7,,,,,,,
,106,15,8.9,,,,,,,
,106,16,8.9,,,,,,,
,106,17,8.6,,,,,,,
,106,18,8,,,,,,,
,106,19,7.3,,,,,,,
,106,20,6.7,,,,,,,
,106,21,6.4,,,,,,,
,106,22,6,,,,,,,
,106,23,5.3,,,,,,,
,106,24,5.4,,,,,,,
,107,1,5.2,,,,,,,
,107,2,5.1,,,,,,,
,107,3,5,,,,,,,
,107,4,4.9,,,,,,,
,107,5,4.9,,,,,,,
,107,6,4.8,,,,,,,
,107,7,5.1,,,,,,,
,107,8,6.2,,,,,,,
,107,9,7.5,,,,,,,
,107,10,8.4,,,,,,,
,107,11,9.6,,,,,,,
,107,12,10.6,,,,,,,
,107,13,11.6,,,,,,,
,107,14,12,,,,,,,
,107,15,12.1,,,,,,,
,107,16,12.5,,,,,,,
,107,17,12.3,,,,,,,
,107,18,11.8,,,,,,,
,107,19,11.1,,,,,,,
,107,20,10.3,,,,,,,
,107,21,9.4,,,,,,,
,107,22,8.5,,,,,,,
,107,23,7.6,,,,,,,
,107,24,6.7,,,,,,,
,108,1,5.7,,,,,,,
,108,2,4.7,,,,,,,
,108,3,3.7,,,,,,,
,108,4,3.2,,,,,,,
,108,5,2.7,,,,,,,
,108,6,2.3,,,,,,,
,108,7,2.7,,,,,,,
,108,8,4.2,,,,,,,
,108,9,6,,,,,,,
,108,10,8,,,,,,,
,108,11,9.8,,,,,,,
,108,12,11.1,,,,,,,
,108,13,12.1,,,,,,,
,108,14,13,,,,,,,
,108,15,13.5,,,,,,,
,108,16,13.6,,,,,,,
,108,17,13.3,,,,,,,
,108,18,12.5,,,,,,,
,108,19,11.3,,,,,,,
,108,20,9.9,,,,,,,
,108,21,8.8,,,,,,,
,108,22,7.7,,,,,,,
,108,23,6.7,,,,,,,
,108,24,5.6,,,,,,,
,109,1,5,,,,,,,
,109,2,4.3,,,,,,,
,109,3,3.6,,,,,,,
,109,4,3.2,,,,,,,
,109,5,2.8,,,,,,,
,109,6,2.6,,,,,,,
,109,7,2.8,,,,,,,
,109,8,3.4,,,,,,,
,109,9,4.2,,,,,,,
,109,10,5.2,,,,,,,
,109,11,5.8,,,,,,,
,109,12,6.4,,,,,,,
,109,13,6.8,,,,,,,
,109,14,7.3,,,,,,,
,109,15,7.6,,,,,,,
,109,16,7.7,,,,,,,
,109,17,7.6,,,,,,,
,109,18,7.2,,,,,,,
,109,19,6.1,,,,,,,
,109,20,6,,,,,,,
,109,21,5.3,,,,,,,
,109,22,4.6,,,,,,,
,109,23,3.9,,,,,,,
,109,24,3.2,,,,,,,
,110,1,2.7,,,,,,,
,110,2,2.2,,,,,,,
,110,3,1.7,,,,,,,
,110,4,1.4,,,,,,,
,110,5,1.1,,,,,,,
,110,6,0.8,,,,,,,
,110,7,1.3,,,,,,,
,110,8,3.2,,,,,,,
,110,9,5.1,,,,,,,
,110,10,7.1,,,,,,,
,110,11,8.9,,,,,,,
,110,12,10.5,,,,,,,
,110,13,11.8,,,,,,,
,110,14,12.6,,,,,,,
,110,15,13,,,,,,,
,110,16,13.2,,,,,,,
,110,17,12.8,,,,,,,
,110,18,11.9,,,,,,,
,110,19,10.6,,,,,,,
,110,20,9.1,,,,,,,
,110,21,8.1,,,,,,,
,110,22,7,,,,,,,
,110,23,6,,,,,,,
,110,24,4.9,,,,,,,
,111,1,4.1,,,,,,,
,111,2,3.1,,,,,,,
,111,3,2.6,,,,,,,
,111,4,2.1,,,,,,,
,111,5,1.8,,,,,,,
,111,6,1.7,,,,,,,
,111,7,2.4,,,,,,,
,111,8,4,,,,,,,
,111,9,6,,,,,,,
,111,10,8.1,,,,,,,
,111,11,10.2,,,,,,,
,111,12,12,,,,,,,
,111,13,13.6,,,,,,,
,111,14,14.7,,,,,,,
,111,15,15.5,,,,,,,
,111,16,15.8,,,,,,,
,111,17,15.6,,,,,,,
,111,18,14.7,,,,,,,
,111,19,13.4,,,,,,,
,111,20,11.8,,,,,,,
,111,21,11,,,,,,,
,111,22,10.1,,,,,,,
,111,23,9.3,,,,,,,
,111,24,8.4,,,,,,,
,112,1,8,,,,,,,
,112,2,7.6,,,,,,,
,112,3,7.3,,,,,,,
,112,4,7.1,,,,,,,
,112,5,7,,,,,,,
,112,6,6.9,,,,,,,
,112,7,7.5,,,,,,,
,112,8,8.6,,,,,,,
,112,9,9.8,,,,,,,
,112,10,11.5,,,,,,,
,112,11,13.8,,,,,,,
,112,12,15.8,,,,,,,
,112,13,17.2,,,,,,,
,112,14,18.3,,,,,,,
,112,15,18.8,,,,,,,
,112,16,19,,,,,,,
,112,17,19,,,,,,,
,112,18,18.4,,,,,,,
,112,19,17.3,,,,,,,
,112,20,16,,,,,,,
,112,21,15.1,,,,,,,
,112,22,14.2,,,,,,,
,112,23,13.4,,,,,,,
,112,24,12.5,,,,,,,
,113,1,11.8,,,,,,,
,113,2,11.1,,,,,,,
,113,3,10.7,,,,,,,
,113,4,10.3,,,,,,,
,113,5,10,,,,,,,
,113,6,10,,,,,,,
,113,7,10.4,,,,,,,
,113,8,11.1,,,,,,,
,113,9,12.1,,,,,,,
,113,10,13.1,,,,,,,
,113,11,14.2,,,,,,,
,113,12,15.4,,,,,,,
,113,13,16.1,,,,,,,
,113,14,16.7,,,,,,,
,113,15,17.1,,,,,,,
,113,16,17.2,,,,,,,
,113,17,17.1,,,,,,,
,113,18,16.6,,,,,,,
,113,19,15.9,,,,,,,
,113,20,15.1,,,,,,,
,113,21,14,,,,,,,
,113,22,12.8,,,,,,,
,113,23,11.6,,,,,,,
,113,24,10.5,,,,,,,
,114,1,9.5,,,,,,,
,114,2,8.5,,,,,,,
,114,3,8,,,,,,,
,114,4,7.5,,,,,,,
,114,5,7.2,,,,,,,
,114,6,7.2,,,,,,,
,114,7,7.8,,,,,,,
,114,8,8.9,,,,,,,
,114,9,10.2,,,,,,,
,114,10,11.8,,,,,,,
,114,11,12.9,,,,,,,
,114,12,13.9,,,,,,,
,114,13,14.7,,,,,,,
,114,14,14.9,,,,,,,
,114,15,14.2,,,,,,,
,114,16,13.3,,,,,,,
,114,17,12.4,,,,,,,
,114,18,11.6,,,,,,,
,114,19,11,,,,,,,
,114,20,10.3,,,,,,,
,114,21,9.6,,,,,,,
,114,22,9,,,,,,,
,114,23,8.3,,,,,,,
,114,24,7.6,,,,,,,
,115,1,7.1,,,,,,,
,115,2,6.5,,,,,,,
,115,3,6.2,,,,,,,
,115,4,5.9,,,,,,,
,115,5,5.7,,,,,,,
,115,6,5.6,,,,,,,
,115,7,6.5,,,,,,,
,115,8,8.2,,,,,,,
,115,9,10.1,,,,,,,
,115,10,12,,,,,,,
,115,11,13.6,,,,,,,
,115,12,15.2,,,,,,,
,115,13,16.6,,,,,,,
,115,14,17.5,,,,,,,
,115,15,18.3,,,,,,,
,115,16,18.5,,,,,,,
,115,17,18.1,,,,,,,
,115,18,17.3,,,,,,,
,115,19,16.1,,,,,,,
,115,20,14.7,,,,,,,
,115,21,13.7,,,,,,,
,115,22,12.7,,,,,,,
,115,23,11.7,,,,,,,
,115,24,10.7,,,,,,,
,116,1,9.9,,,,,,,
,116,2,9,,,,,,,
,116,3,8.6,,,,,,,
,116,4,8.1,,,,,,,
,116,5,7.8,,,,,,,
,116,6,7.7,,,,,,,
,116,7,8.8,,,,,,,
,116,8,10.1,,,,,,,
,116,9,10.7,,,,,,,
,116,10,10.8,,,,,,,
,116,11,11,,,,,,,
,116,12,11.3,,,,,,,
,116,13,10.9,,,,,,,
,116,14,11.4,,,,,,,
,116,15,12.4,,,,,,,
,116,16,13,,,,,,,
,116,17,13.3,,,,,,,
,116,18,13.3,,,,,,,
,116,19,12.9,,,,,,,
,116,20,12.2,,,,,,,
,116,21,11.5,,,,,,,
,116,22,10.7,,,,,,,
,116,23,10,,,,,,,
,116,24,9.2,,,,,,,
,117,1,8.8,,,,,,,
,117,2,8.4,,,,,,,
,117,3,8.2,,,,,,,
,117,4,7.9,,,,,,,
,117,5,7.8,,,,,,,
,117,6,7.8,,,,,,,
,117,7,8.2,,,,,,,
,117,8,10,,,,,,,
,117,9,10.8,,,,,,,
,117,10,12.4,,,,,,,
,117,11,13.5,,,,,,,
,117,12,14.5,,,,,,,
,117,13,15.7,,,,,,,
,117,14,16.1,,,,,,,
,117,15,16.8,,,,,,,
,117,16,16.9,,,,,,,
,117,17,17.1,,,,,,,
,117,18,16.1,,,,,,,
,117,19,15.2,,,,,,,
,117,20,14.3,,,,,,,
,117,21,13.8,,,,,,,
,117,22,13.3,,,,,,,
,117,23,12.9,,,,,,,
,117,24,12.4,,,,,,,
,118,1,11.9,,,,,,,
,118,2,11.9,,,,,,,
,118,3,11.8,,,,,,,
,118,4,11.7,,,,,,,
,118,5,11.7,,,,,,,
,118,6,11.7,,,,,,,
,118,7,12.1,,,,,,,
,118,8,12.2,,,,,,,
,118,9,12.4,,,,,,,
,118,10,12.7,,,,,,,
,118,11,13.6,,,,,,,
,118,12,14.4,,,,,,,
,118,13,16.9,,,,,,,
,118,14,16.9,,,,,,,
,118,15,17.6,,,,,,,
,118,16,19.3,,,,,,,
,118,17,20.2,,,,,,,
,118,18,20.6,,,,,,,
,118,19,20.3,,,,,,,
,118,20,19.6,,,,,,,
,118,21,18.6,,,,,,,
,118,22,17.6,,,,,,,
,118,23,16.6,,,,,,,
,118,24,15.6,,,,,,,
,119,1,14.4,,,,,,,
,119,2,13,,,,,,,
,119,3,12.3,,,,,,,
,119,4,11.5,,,,,,,
,119,5,11,,,,,,,
,119,6,10.9,,,,,,,
,119,7,11.8,,,,,,,
,119,8,13.3,,,,,,,
,119,9,15.3,,,,,,,
,119,10,17.2,,,,,,,
,119,11,18.9,,,,,,,
,119,12,20.5,,,,,,,
,119,13,21.6,,,,,,,
,119,14,22.5,,,,,,,
,119,15,22.9,,,,,,,
,119,16,22.9,,,,,,,
,119,17,22.4,,,,,,,
,119,18,21.5,,,,,,,
,119,19,20.3,,,,,,,
,119,20,18.9,,,,,,,
,119,21,17.7,,,,,,,
,119,22,16.5,,,,,,,
,119,23,15.3,,,,,,,
,119,24,14.1,,,,,,,
,120,1,13.6,,,,,,,
,120,2,13.1,,,,,,,
,120,3,12.9,,,,,,,
,120,4,12.6,,,,,,,
,120,5,12.5,,,,,,,
,120,6,12.5,,,,,,,
,120,7,13.5,,,,,,,
,120,8,14.6,,,,,,,
,120,9,16.1,,,,,,,
,120,10,16.7,,,,,,,
,120,11,17.3,,,,,,,
,120,12,19.2,,,,,,,
,120,13,21.1,,,,,,,
,120,14,22.6,,,,,,,
,120,15,23.5,,,,,,,
,120,16,24.1,,,,,,,
,120,17,24.6,,,,,,,
,120,18,24.2,,,,,,,
,120,19,23.2,,,,,,,
,120,20,22,,,,,,,
,120,21,20,,,,,,,
,120,22,18,,,,,,,
,120,23,16.1,,,,,,,
,120,24,14.2,,,,,,,
mai,121,1,12.3,,,,,,,
,121,2,10.4,,,,,,,
,121,3,8.5,,,,,,,
,121,4,7.2,,,,,,,
,121,5,6.4,,,,,,,
,121,6,6.2,,,,,,,
,121,7,6.8,,,,,,,
,121,8,7.9,,,,,,,
,121,9,9.2,,,,,,,
,121,10,10.5,,,,,,,
,121,11,11.8,,,,,,,
,121,12,12.9,,,,,,,
,121,13,13.7,,,,,,,
,121,14,14.4,,,,,,,
,121,15,14.7,,,,,,,
,121,16,14.8,,,,,,,
,121,17,14.5,,,,,,,
,121,18,13.8,,,,,,,
,121,19,12.8,,,,,,,
,121,20,11.5,,,,,,,
,121,21,10.6,,,,,,,
,121,22,9.7,,,,,,,
,121,23,8.9,,,,,,,
,121,24,8,,,,,,,
,122,1,8.3,,,,,,,
,122,2,8.6,,,,,,,
,122,3,8.8,,,,,,,
,122,4,9,,,,,,,
,122,5,9.2,,,,,,,
,122,6,9.3,,,,,,,
,122,7,9.9,,,,,,,
,122,8,11.1,,,,,,,
,122,9,11.7,,,,,,,
,122,10,12.2,,,,,,,
,122,11,13.4,,,,,,,
,122,12,15.5,,,,,,,
,122,13,15.9,,,,,,,
,122,14,17.3,,,,,,,
,122,15,17.6,,,,,,,
,122,16,16.9,,,,,,,
,122,17,16.8,,,,,,,
,122,18,16.5,,,,,,,
,122,19,15.8,,,,,,,
,122,20,15.1,,,,,,,
,122,21,14.6,,,,,,,
,122,22,14.2,,,,,,,
,122,23,13.8,,,,,,,
,122,24,13.3,,,,,,,
,123,1,12.6,,,,,,,
,123,2,11.9,,,,,,,
,123,3,11.5,,,,,,,
,123,4,11.1,,,,,,,
,123,5,10.9,,,,,,,
,123,6,10.9,,,,,,,
,123,7,11.4,,,,,,,
,123,8,12.6,,,,,,,
,123,9,14.2,,,,,,,
,123,10,15,,,,,,,
,123,11,16.7,,,,,,,
,123,12,17.7,,,,,,,
,123,13,18.4,,,,,,,
,123,14,17.4,,,,,,,
,123,15,16.5,,,,,,,
,123,16,16.3,,,,,,,
,123,17,15.5,,,,,,,
,123,18,14.9,,,,,,,
,123,19,14.3,,,,,,,
,123,20,13.7,,,,,,,
,123,21,13.5,,,,,,,
,123,22,13.3,,,,,,,
,123,23,13.1,,,,,,,
,123,24,12.8,,,,,,,
,124,1,12.6,,,,,,,
,124,2,12.4,,,,,,,
,124,3,12.4,,,,,,,
,124,4,12.3,,,,,,,
,124,5,12.2,,,,,,,
,124,6,12.3,,,,,,,
,124,7,13.4,,,,,,,
,124,8,14.9,,,,,,,
,124,9,16.6,,,,,,,
,124,10,18.3,,,,,,,
,124,11,19.5,,,,,,,
,124,12,19.8,,,,,,,
,124,13,20.1,,,,,,,
,124,14,19.3,,,,,,,
,124,15,18.3,,,,,,,
,124,16,17.5,,,,,,,
,124,17,16.5,,,,,,,
,124,18,16.2,,,,,,,
,124,19,15.7,,,,,,,
,124,20,15.2,,,,,,,
,124,21,14.9,,,,,,,
,124,22,14.6,,,,,,,
,124,23,14.3,,,,,,,
,124,24,14,,,,,,,
,125,1,12.9,,,,,,,
,125,2,12.8,,,,,,,
,125,3,12.5,,,,,,,
,125,4,12.2,,,,,,,
,125,5,12,,,,,,,
,125,6,11.9,,,,,,,
,125,7,12.3,,,,,,,
,125,8,13,,,,,,,
,125,9,14,,,,,,,
,125,10,14.8,,,,,,,
,125,11,15.4,,,,,,,
,125,12,16.2,,,,,,,
,125,13,16.7,,,,,,,
,125,14,17,,,,,,,
,125,15,17.3,,,,,,,
,125,16,17.4,,,,,,,
,125,17,17.4,,,,,,,
,125,18,17.1,,,,,,,
,125,19,16.6,,,,,,,
,125,20,16,,,,,,,
,125,21,15,,,,,,,
,125,22,13.9,,,,,,,
,125,23,12.9,,,,,,,
,125,24,11.9,,,,,,,
,126,1,11.1,,,,,,,
,126,2,10.2,,,,,,,
,126,3,9.7,,,,,,,
,126,4,9.2,,,,,,,
,126,5,8.8,,,,,,,
,126,6,8.8,,,,,,,
,126,7,10,,,,,,,
,126,8,11.7,,,,,,,
,126,9,13.5,,,,,,,
,126,10,15.4,,,,,,,
,126,11,17.1,,,,,,,
,126,12,18.6,,,,,,,
,126,13,19.9,,,,,,,
,126,14,20.8,,,,,,,
,126,15,21.4,,,,,,,
,126,16,21.6,,,,,,,
,126,17,21.5,,,,,,,
,126,18,20.8,,,,,,,
,126,19,19.7,,,,,,,
,126,20,18.3,,,,,,,
,126,21,16.9,,,,,,,
,126,22,15.6,,,,,,,
,126,23,14.3,,,,,,,
,126,24,13,,,,,,,
,127,1,12.2,,,,,,,
,127,2,11.3,,,,,,,
,127,3,10.8,,,,,,,
,127,4,10.3,,,,,,,
,127,5,9.9,,,,,,,
,127,6,9.9,,,,,,,
,127,7,11,,,,,,,
,127,8,12.5,,,,,,,
,127,9,14.2,,,,,,,
,127,10,16,,,,,,,
,127,11,17.6,,,,,,,
,127,12,19.1,,,,,,,
,127,13,20.3,,,,,,,
,127,14,21.1,,,,,,,
,127,15,21.6,,,,,,,
,127,16,21.7,,,,,,,
,127,17,21.5,,,,,,,
,127,18,20.8,,,,,,,
,127,19,19.7,,,,,,,
,127,20,18.4,,,,,,,
,127,21,17.1,,,,,,,
,127,22,16.5,,,,,,,
,127,23,15.9,,,,,,,
,127,24,15.3,,,,,,,
,128,1,15.2,,,,,,,
,128,2,15.2,,,,,,,
,128,3,15.1,,,,,,,
,128,4,15.1,,,,,,,
,128,5,15,,,,,,,
,128,6,15.1,,,,,,,
,128,7,15.9,,,,,,,
,128,8,16.5,,,,,,,
,128,9,17.4,,,,,,,
,128,10,18.2,,,,,,,
,128,11,19,,,,,,,
,128,12,19.6,,,,,,,
,128,13,19.7,,,,,,,
,128,14,19.9,,,,,,,
,128,15,20.2,,,,,,,
,128,16,20,,,,,,,
,128,17,19.7,,,,,,,
,128,18,19.4,,,,,,,
,128,19,19,,,,,,,
,128,20,18.2,,,,,,,
,128,21,17.9,,,,,,,
,128,22,17.5,,,,,,,
,128,23,16.3,,,,,,,
,128,24,16.5,,,,,,,
,129,1,16.7,,,,,,,
,129,2,16.3,,,,,,,
,129,3,16.2,,,,,,,
,129,4,16.1,,,,,,,
,129,5,16,,,,,,,
,129,6,16,,,,,,,
,129,7,16.5,,,,,,,
,129,8,17.1,,,,,,,
,129,9,17.8,,,,,,,
,129,10,18.6,,,,,,,
,129,11,19.3,,,,,,,
,129,12,19.9,,,,,,,
,129,13,20.4,,,,,,,
,129,14,20.7,,,,,,,
,129,15,20.8,,,,,,,
,129,16,20.9,,,,,,,
,129,17,20.7,,,,,,,
,129,18,19.9,,,,,,,
,129,19,20.4,,,,,,,
,129,20,19.9,,,,,,,
,129,21,19.2,,,,,,,
,129,22,18.4,,,,,,,
,129,23,17.4,,,,,,,
,129,24,16.5,,,,,,,
,130,1,15.6,,,,,,,
,130,2,14.7,,,,,,,
,130,3,14.2,,,,,,,
,130,4,13.7,,,,,,,
,130,5,13.4,,,,,,,
,130,6,13.4,,,,,,,
,130,7,13.9,,,,,,,
,130,8,14.6,,,,,,,
,130,9,15.3,,,,,,,
,130,10,16.3,,,,,,,
,130,11,17.5,,,,,,,
,130,12,18.1,,,,,,,
,130,13,18.5,,,,,,,
,130,14,19.1,,,,,,,
,130,15,19.3,,,,,,,
,130,16,19.2,,,,,,,
,130,17,19.2,,,,,,,
,130,18,18.8,,,,,,,
,130,19,18,,,,,,,
,130,20,17.2,,,,,,,
,130,21,16.5,,,,,,,
,130,22,15.8,,,,,,,
,130,23,15,,,,,,,
,130,24,13.9,,,,,,,
,131,1,13.8,,,,,,,
,131,2,13.4,,,,,,,
,131,3,13.1,,,,,,,
,131,4,13,,,,,,,
,131,5,12.9,,,,,,,
,131,6,13.1,,,,,,,
,131,7,14.2,,,,,,,
,131,8,14.8,,,,,,,
,131,9,16.6,,,,,,,
,131,10,17.8,,,,,,,
,131,11,19.1,,,,,,,
,131,12,20.6,,,,,,,
,131,13,21,,,,,,,
,131,14,21.7,,,,,,,
,131,15,21,,,,,,,
,131,16,20,,,,,,,
,131,17,19,,,,,,,
,131,18,18.2,,,,,,,
,131,19,17.5,,,,,,,
,131,20,16.9,,,,,,,
,131,21,16.3,,,,,,,
,131,22,15.6,,,,,,,
,131,23,14.9,,,,,,,
,131,24,14.2,,,,,,,
,132,1,13.3,,,,,,,
,132,2,12.2,,,,,,,
,132,3,11.7,,,,,,,
,132,4,11.1,,,,,,,
,132,5,10.7,,,,,,,
,132,6,10.7,,,,,,,
,132,7,12,,,,,,,
,132,8,13.6,,,,,,,
,132,9,15.4,,,,,,,
,132,10,17.2,,,,,,,
,132,11,18.8,,,,,,,
,132,12,20.2,,,,,,,
,132,13,21.4,,,,,,,
,132,14,22.2,,,,,,,
,132,15,22.7,,,,,,,
,132,16,22.9,,,,,,,
,132,17,22.8,,,,,,,
,132,18,22.1,,,,,,,
,132,19,21,,,,,,,
,132,20,19.7,,,,,,,
,132,21,18.3,,,,,,,
,132,22,17.3,,,,,,,
,132,23,16.4,,,,,,,
,132,24,15.5,,,,,,,
,133,1,15.1,,,,,,,
,133,2,14.7,,,,,,,
,133,3,14.4,,,,,,,
,133,4,14.2,,,,,,,
,133,5,14,,,,,,,
,133,6,14,,,,,,,
,133,7,15.2,,,,,,,
,133,8,16.6,,,,,,,
,133,9,18.4,,,,,,,
,133,10,20.3,,,,,,,
,133,11,22.2,,,,,,,
,133,12,23.7,,,,,,,
,133,13,25,,,,,,,
,133,14,26.1,,,,,,,
,133,15,26.7,,,,,,,
,133,16,26.9,,,,,,,
,133,17,26.9,,,,,,,
,133,18,26.4,,,,,,,
,133,19,25.4,,,,,,,
,133,20,24,,,,,,,
,133,21,22.7,,,,,,,
,133,22,21.3,,,,,,,
,133,23,19.9,,,,,,,
,133,24,18.5,,,,,,,
,134,1,17.6,,,,,,,
,134,2,16.6,,,,,,,
,134,3,16,,,,,,,
,134,4,15.5,,,,,,,
,134,5,15.1,,,,,,,
,134,6,15.1,,,,,,,
,134,7,16.3,,,,,,,
,134,8,18,,,,,,,
,134,9,19.8,,,,,,,
,134,10,21.5,,,,,,,
,134,11,23.1,,,,,,,
,134,12,22.7,,,,,,,
,134,13,22.5,,,,,,,
,134,14,22.3,,,,,,,
,134,15,22.1,,,,,,,
,134,16,21.8,,,,,,,
,134,17,21.3,,,,,,,
,134,18,20.7,,,,,,,
,134,19,19.9,,,,,,,
,134,20,19.1,,,,,,,
,134,21,18.2,,,,,,,
,134,22,17.6,,,,,,,
,134,23,17,,,,,,,
,134,24,16.4,,,,,,,
,135,1,16.4,,,,,,,
,135,2,16.3,,,,,,,
,135,3,16.2,,,,,,,
,135,4,16.1,,,,,,,
,135,5,16.1,,,,,,,
,135,6,16.1,,,,,,,
,135,7,17.7,,,,,,,
,135,8,19.7,,,,,,,
,135,9,22,,,,,,,
,135,10,24.3,,,,,,,
,135,11,26.1,,,,,,,
,135,12,26.1,,,,,,,
,135,13,26.2,,,,,,,
,135,14,26.1,,,,,,,
,135,15,26.1,,,,,,,
,135,16,26,,,,,,,
,135,17,25.7,,,,,,,
,135,18,25.1,,,,,,,
,135,19,24.2,,,,,,,
,135,20,23.2,,,,,,,
,135,21,22.2,,,,,,,
,135,22,20.9,,,,,,,
,135,23,19.7,,,,,,,
,135,24,18.4,,,,,,,
,136,1,17.4,,,,,,,
,136,2,16.4,,,,,,,
,136,3,15.9,,,,,,,
,136,4,15.3,,,,,,,
,136,5,14.9,,,,,,,
,136,6,15,,,,,,,
,136,7,15.9,,,,,,,
,136,8,17,,,,,,,
,136,9,18.3,,,,,,,
,136,10,19.7,,,,,,,
,136,11,21,,,,,,,
,136,12,22.1,,,,,,,
,136,13,22.9,,,,,,,
,136,14,23.5,,,,,,,
,136,15,23.9,,,,,,,
,136,16,24,,,,,,,
,136,17,23.9,,,,,,,
,136,18,23.3,,,,,,,
,136,19,22.4,,,,,,,
,136,20,21.4,,,,,,,
,136,21,20.4,,,,,,,
,136,22,19,,,,,,,
,136,23,17.7,,,,,,,
,136,24,16.3,,,,,,,
,137,1,15.5,,,,,,,
,137,2,14.5,,,,,,,
,137,3,14,,,,,,,
,137,4,13.5,,,,,,,
,137,5,13.1,,,,,,,
,137,6,13.2,,,,,,,
,137,7,14.3,,,,,,,
,137,8,15.5,,,,,,,
,137,9,16.9,,,,,,,
,137,10,18.4,,,,,,,
,137,11,19.8,,,,,,,
,137,12,20.9,,,,,,,
,137,13,21.8,,,,,,,
,137,14,22.3,,,,,,,
,137,15,22.6,,,,,,,
,137,16,22.6,,,,,,,
,137,17,22.4,,,,,,,
,137,18,21.9,,,,,,,
,137,19,21,,,,,,,
,137,20,19.9,,,,,,,
,137,21,18.8,,,,,,,
,137,22,17.9,,,,,,,
,137,23,16.9,,,,,,,
,137,24,16,,,,,,,
,138,1,15.6,,,,,,,
,138,2,14.9,,,,,,,
,138,3,15,,,,,,,
,138,4,14.7,,,,,,,
,138,5,14.5,,,,,,,
,138,6,14.6,,,,,,,
,138,7,14.7,,,,,,,
,138,8,15,,,,,,,
,138,9,15.9,,,,,,,
,138,10,16.8,,,,,,,
,138,11,19,,,,,,,
,138,12,20,,,,,,,
,138,13,20,,,,,,,
,138,14,20.3,,,,,,,
,138,15,20.3,,,,,,,
,138,16,20.3,,,,,,,
,138,17,20.3,,,,,,,
,138,18,20,,,,,,,
,138,19,19.6,,,,,,,
,138,20,19.1,,,,,,,
,138,21,18.5,,,,,,,
,138,22,16.8,,,,,,,
,138,23,15.2,,,,,,,
,138,24,13.5,,,,,,,
,139,1,12,,,,,,,
,139,2,10.3,,,,,,,
,139,3,9.4,,,,,,,
,139,4,8.5,,,,,,,
,139,5,7.8,,,,,,,
,139,6,7.9,,,,,,,
,139,7,9.3,,,,,,,
,139,8,10.8,,,,,,,
,139,9,12.5,,,,,,,
,139,10,14.2,,,,,,,
,139,11,15.7,,,,,,,
,139,12,17,,,,,,,
,139,13,18,,,,,,,
,139,14,18.8,,,,,,,
,139,15,19.2,,,,,,,
,139,16,19.4,,,,,,,
,139,17,19.2,,,,,,,
,139,18,18.5,,,,,,,
,139,19,17.4,,,,,,,
,139,20,16,,,,,,,
,139,21,14.7,,,,,,,
,139,22,13.2,,,,,,,
,139,23,11.7,,,,,,,
,139,24,10.2,,,,,,,
,140,1,9.6,,,,,,,
,140,2,8.9,,,,,,,
,140,3,8.5,,,,,,,
,140,4,8.1,,,,,,,
,140,5,7.8,,,,,,,
,140,6,8,,,,,,,
,140,7,9.6,,,,,,,
,140,8,11.5,,,,,,,
,140,9,13.5,,,,,,,
,140,10,15.4,,,,,,,
,140,11,17.1,,,,,,,
,140,12,18.7,,,,,,,
,140,13,20,,,,,,,
,140,14,20.9,,,,,,,
,140,15,21.5,,,,,,,
,140,16,21.8,,,,,,,
,140,17,21.6,,,,,,,
,140,18,21,,,,,,,
,140,19,19.9,,,,,,,
,140,20,18.4,,,,,,,
,140,21,17,,,,,,,
,140,22,15.3,,,,,,,
,140,23,13.7,,,,,,,
,140,24,12,,,,,,,
,141,1,10.8,,,,,,,
,141,2,9.4,,,,,,,
,141,3,8.7,,,,,,,
,141,4,7.9,,,,,,,
,141,5,7.4,,,,,,,
,141,6,7.5,,,,,,,
,141,7,8.8,,,,,,,
,141,8,10.4,,,,,,,
,141,9,12,,,,,,,
,141,10,13.6,,,,,,,
,141,11,15.1,,,,,,,
,141,12,16.4,,,,,,,
,141,13,17.5,,,,,,,
,141,14,18.3,,,,,,,
,141,15,18.8,,,,,,,
,141,16,19,,,,,,,
,141,17,18.9,,,,,,,
,141,18,18.2,,,,,,,
,141,19,17.2,,,,,,,
,141,20,15.9,,,,,,,
,141,21,14.5,,,,,,,
,141,22,13.6,,,,,,,
,141,23,12.8,,,,,,,
,141,24,11.9,,,,,,,
,142,1,11.8,,,,,,,
,142,2,11.7,,,,,,,
,142,3,11.6,,,,,,,
,142,4,11.6,,,,,,,
,142,5,11.5,,,,,,,
,142,6,11.6,,,,,,,
,142,7,11.8,,,,,,,
,142,8,12,,,,,,,
,142,9,12.2,,,,,,,
,142,10,12.6,,,,,,,
,142,11,12.9,,,,,,,
,142,12,13.1,,,,,,,
,142,13,13.4,,,,,,,
,142,14,13.5,,,,,,,
,142,15,13.4,,,,,,,
,142,16,13.4,,,,,,,
,142,17,13.2,,,,,,,
,142,18,11.9,,,,,,,
,142,19,13.1,,,,,,,
,142,20,12.5,,,,,,,
,142,21,13.1,,,,,,,
,142,22,12.3,,,,,,,
,142,23,11.9,,,,,,,
,142,24,11.1,,,,,,,
,143,1,10.5,,,,,,,
,143,2,9.7,,,,,,,
,143,3,9.3,,,,,,,
,143,4,8.9,,,,,,,
,143,5,8.7,,,,,,,
,143,6,8.5,,,,,,,
,143,7,9.1,,,,,,,
,143,8,10,,,,,,,
,143,9,9.9,,,,,,,
,143,10,9.9,,,,,,,
,143,11,10,,,,,,,
,143,12,10.1,,,,,,,
,143,13,11.4,,,,,,,
,143,14,12.9,,,,,,,
,143,15,14.3,,,,,,,
,143,16,15.1,,,,,,,
,143,17,15.6,,,,,,,
,143,18,16,,,,,,,
,143,19,15.7,,,,,,,
,143,20,15.1,,,,,,,
,143,21,14.4,,,,,,,
,143,22,13.4,,,,,,,
,143,23,12.4,,,,,,,
,143,24,11.5,,,,,,,
,144,1,10.5,,,,,,,
,144,2,9.6,,,,,,,
,144,3,9.1,,,,,,,
,144,4,8.5,,,,,,,
,144,5,8.2,,,,,,,
,144,6,8.4,,,,,,,
,144,7,9.2,,,,,,,
,144,8,9.9,,,,,,,
,144,9,9.8,,,,,,,
,144,10,10.1,,,,,,,
,144,11,10.8,,,,,,,
,144,12,11.3,,,,,,,
,144,13,12.9,,,,,,,
,144,14,14.8,,,,,,,
,144,15,15.1,,,,,,,
,144,16,14.7,,,,,,,
,144,17,14.6,,,,,,,
,144,18,14.4,,,,,,,
,144,19,13.7,,,,,,,
,144,20,12.8,,,,,,,
,144,21,12.2,,,,,,,
,144,22,11.6,,,,,,,
,144,23,10.9,,,,,,,
,144,24,10.2,,,,,,,
,145,1,9.9,,,,,,,
,145,2,9.5,,,,,,,
,145,3,9.3,,,,,,,
,145,4,9.1,,,,,,,
,145,5,8.9,,,,,,,
,145,6,9,,,,,,,
,145,7,9.9,,,,,,,
,145,8,10.9,,,,,,,
,145,9,11.9,,,,,,,
,145,10,12.9,,,,,,,
,145,11,13.7,,,,,,,
,145,12,14.3,,,,,,,
,145,13,14.9,,,,,,,
,145,14,15.5,,,,,,,
,145,15,15.8,,,,,,,
,145,16,15.8,,,,,,,
,145,17,15.2,,,,,,,
,145,18,15.1,,,,,,,
,145,19,14.7,,,,,,,
,145,20,14,,,,,,,
,145,21,13.3,,,,,,,
,145,22,12,,,,,,,
,145,23,10.7,,,,,,,
,145,24,9.4,,,,,,,
,146,1,8.3,,,,,,,
,146,2,7,,,,,,,
,146,3,6.3,,,,,,,
,146,4,5.6,,,,,,,
,146,5,5.1,,,,,,,
,146,6,5.2,,,,,,,
,146,7,6.9,,,,,,,
,146,8,8.7,,,,,,,
,146,9,10.6,,,,,,,
,146,10,12.5,,,,,,,
,146,11,14.2,,,,,,,
,146,12,15.6,,,,,,,
,146,13,16.8,,,,,,,
,146,14,17.7,,,,,,,
,146,15,18.2,,,,,,,
,146,16,18.4,,,,,,,
,146,17,18.2,,,,,,,
,146,18,17.5,,,,,,,
,146,19,16.3,,,,,,,
,146,20,14.9,,,,,,,
,146,21,13.4,,,,,,,
,146,22,12.3,,,,,,,
,146,23,11.3,,,,,,,
,146,24,10.3,,,,,,,
,147,1,10,,,,,,,
,147,2,9.8,,,,,,,
,147,3,9.7,,,,,,,
,147,4,9.6,,,,,,,
,147,5,9.5,,,,,,,
,147,6,9.6,,,,,,,
,147,7,10.4,,,,,,,
,147,8,11.3,,,,,,,
,147,9,12.1,,,,,,,
,147,10,13.1,,,,,,,
,147,11,14.1,,,,,,,
,147,12,14.9,,,,,,,
,147,13,15.5,,,,,,,
,147,14,15.9,,,,,,,
,147,15,16.1,,,,,,,
,147,16,16.2,,,,,,,
,147,17,16.2,,,,,,,
,147,18,15.9,,,,,,,
,147,19,15.3,,,,,,,
,147,20,14.2,,,,,,,
,147,21,14.2,,,,,,,
,147,22,12.8,,,,,,,
,147,23,11.5,,,,,,,
,147,24,10.1,,,,,,,
,148,1,8.8,,,,,,,
,148,2,7.4,,,,,,,
,148,3,6.6,,,,,,,
,148,4,5.8,,,,,,,
,148,5,5.2,,,,,,,
,148,6,5.3,,,,,,,
,148,7,6.5,,,,,,,
,148,8,7.7,,,,,,,
,148,9,8.9,,,,,,,
,148,10,10.2,,,,,,,
,148,11,11.5,,,,,,,
,148,12,12.5,,,,,,,
,148,13,13.4,,,,,,,
,148,14,14.1,,,,,,,
,148,15,14.5,,,,,,,
,148,16,14.5,,,,,,,
,148,17,14.3,,,,,,,
,148,18,13.7,,,,,,,
,148,19,12.8,,,,,,,
,148,20,11.6,,,,,,,
,148,21,10.4,,,,,,,
,148,22,8.9,,,,,,,
,148,23,7.5,,,,,,,
,148,24,6,,,,,,,
,149,1,5.6,,,,,,,
,149,2,4.9,,,,,,,
,149,3,4.5,,,,,,,
,149,4,4.1,,,,,,,
,149,5,3.8,,,,,,,
,149,6,3.9,,,,,,,
,149,7,5.2,,,,,,,
,149,8,6.7,,,,,,,
,149,9,8.3,,,,,,,
,149,10,9.9,,,,,,,
,149,11,11.3,,,,,,,
,149,12,12.5,,,,,,,
,149,13,13.5,,,,,,,
,149,14,14.2,,,,,,,
,149,15,14.5,,,,,,,
,149,16,14.6,,,,,,,
,149,17,14.4,,,,,,,
,149,18,13.7,,,,,,,
,149,19,12.6,,,,,,,
,149,20,11.3,,,,,,,
,149,21,9.9,,,,,,,
,149,22,8.4,,,,,,,
,149,23,7,,,,,,,
,149,24,5.6,,,,,,,
,150,1,5.2,,,,,,,
,150,2,4.8,,,,,,,
,150,3,4.5,,,,,,,
,150,4,4.2,,,,,,,
,150,5,4,,,,,,,
,150,6,4.3,,,,,,,
,150,7,5.9,,,,,,,
,150,8,7.5,,,,,,,
,150,9,9.4,,,,,,,
,150,10,11.2,,,,,,,
,150,11,12.9,,,,,,,
,150,12,14.5,,,,,,,
,150,13,15.7,,,,,,,
,150,14,16.6,,,,,,,
,150,15,17.2,,,,,,,
,150,16,17.5,,,,,,,
,150,17,17.4,,,,,,,
,150,18,16.7,,,,,,,
,150,19,15.7,,,,,,,
,150,20,14.3,,,,,,,
,150,21,12.9,,,,,,,
,150,22,11.8,,,,,,,
,150,23,10.8,,,,,,,
,150,24,9.8,,,,,,,
,151,1,9.2,,,,,,,
,151,2,8.7,,,,,,,
,151,3,8.3,,,,,,,
,151,4,8,,,,,,,
,151,5,7.7,,,,,,,
,151,6,8,,,,,,,
,151,7,9.7,,,,,,,
,151,8,11.3,,,,,,,
,151,9,13,,,,,,,
,151,10,14.6,,,,,,,
,151,11,16.3,,,,,,,
,151,12,17.8,,,,,,,
,151,13,19,,,,,,,
,151,14,19.8,,,,,,,
,151,15,20.3,,,,,,,
,151,16,20.4,,,,,,,
,151,17,20.1,,,,,,,
,151,18,19.3,,,,,,,
,151,19,18.2,,,,,,,
,151,20,16.9,,,,,,,
,151,21,15.6,,,,,,,
,151,22,14.8,,,,,,,
,151,23,14,,,,,,,
,151,24,13.2,,fin période 3,,,,,
juin,152,1,12.8,,,,,,,
,152,2,11.6,,,,,,,
,152,3,12,,,,,,,
,152,4,11.8,,,,,,,
,152,5,11.8,,,,,,,
,152,6,11.9,,,,,,,
,152,7,12.2,,,,,,,
,152,8,12.5,,,,,,,
,152,9,12.5,,,,,,,
,152,10,12.8,,,,,,,
,152,11,13,,,,,,,
,152,12,13.8,,,,,,,
,152,13,14.2,,,,,,,
,152,14,14.6,,,,,,,
,152,15,14.9,,,,,,,
,152,16,15.4,,,,,,,
,152,17,15.9,,,,,,,
,152,18,16.1,,,,,,,
,152,19,16.1,,,,,,,
,152,20,15.9,,,,,,,
,152,21,15.3,,,,,,,
,152,22,14.6,,,,,,,
,152,23,13.9,,,,,,,
,152,24,13.5,,,,,,,
,153,1,12.6,,,,,,,
,153,2,12.3,,,,,,,
,153,3,12.1,,,,,,,
,153,4,11.8,,,,,,,
,153,5,11.6,,,,,,,
,153,6,11.7,,,,,,,
,153,7,12.3,,,,,,,
,153,8,12.8,,,,,,,
,153,9,13.5,,,,,,,
,153,10,14.2,,,,,,,
,153,11,15,,,,,,,
,153,12,15.5,,,,,,,
,153,13,16,,,,,,,
,153,14,16.4,,,,,,,
,153,15,16.7,,,,,,,
,153,16,16.8,,,,,,,
,153,17,16.7,,,,,,,
,153,18,16.4,,,,,,,
,153,19,16.1,,,,,,,
,153,20,15.5,,,,,,,
,153,21,15,,,,,,,
,153,22,13.9,,,,,,,
,153,23,12.9,,,,,,,
,153,24,11.8,,,,,,,
,154,1,11.1,,,,,,,
,154,2,10.2,,,,,,,
,154,3,9.7,,,,,,,
,154,4,9.2,,,,,,,
,154,5,8.8,,,,,,,
,154,6,9.1,,,,,,,
,154,7,10.3,,,,,,,
,154,8,11.6,,,,,,,
,154,9,13.1,,,,,,,
,154,10,14.8,,,,,,,
,154,11,16.2,,,,,,,
,154,12,17.3,,,,,,,
,154,13,18.3,,,,,,,
,154,14,19.2,,,,,,,
,154,15,19.7,,,,,,,
,154,16,19.9,,,,,,,
,154,17,19.9,,,,,,,
,154,18,19.4,,,,,,,
,154,19,18.4,,,,,,,
,154,20,17.3,,,,,,,
,154,21,16,,,,,,,
,154,22,15,,,,,,,
,154,23,14.1,,,,,,,
,154,24,13.1,,,,,,,
,155,1,12.6,,,,,,,
,155,2,12.2,,,,,,,
,155,3,11.9,,,,,,,
,155,4,11.6,,,,,,,
,155,5,11.4,,,,,,,
,155,6,11.7,,,,,,,
,155,7,13.2,,,,,,,
,155,8,14.6,,,,,,,
,155,9,16.3,,,,,,,
,155,10,18,,,,,,,
,155,11,19.3,,,,,,,
,155,12,20.4,,,,,,,
,155,13,21.7,,,,,,,
,155,14,22.5,,,,,,,
,155,15,22.9,,,,,,,
,155,16,22.9,,,,,,,
,155,17,22.8,,,,,,,
,155,18,22.4,,,,,,,
,155,19,21.6,,,,,,,
,155,20,20.4,,,,,,,
,155,21,19.2,,,,,,,
,155,22,17.6,,,,,,,
,155,23,16.1,,,,,,,
,155,24,14.6,,,,,,,
,156,1,13.4,,,,,,,
,156,2,12.2,,,,,,,
,156,3,11.5,,,,,,,
,156,4,10.8,,,,,,,
,156,5,10.3,,,,,,,
,156,6,10.5,,,,,,,
,156,7,12.1,,,,,,,
,156,8,13.6,,,,,,,
,156,9,15.3,,,,,,,
,156,10,16.9,,,,,,,
,156,11,18.4,,,,,,,
,156,12,19.7,,,,,,,
,156,13,20.8,,,,,,,
,156,14,21.6,,,,,,,
,156,15,22,,,,,,,
,156,16,22.1,,,,,,,
,156,17,21.9,,,,,,,
,156,18,21.2,,,,,,,
,156,19,20.2,,,,,,,
,156,20,18.9,,,,,,,
,156,21,17.5,,,,,,,
,156,22,16,,,,,,,
,156,23,14.6,,,,,,,
,156,24,13.1,,,,,,,
,157,1,12.3,,,,,,,
,157,2,11.5,,,,,,,
,157,3,11,,,,,,,
,157,4,10.5,,,,,,,
,157,5,10.2,,,,,,,
,157,6,10.5,,,,,,,
,157,7,12.1,,,,,,,
,157,8,13.9,,,,,,,
,157,9,15.7,,,,,,,
,157,10,17.5,,,,,,,
,157,11,19.2,,,,,,,
,157,12,20.7,,,,,,,
,157,13,21.9,,,,,,,
,157,14,22.8,,,,,,,
,157,15,23.4,,,,,,,
,157,16,23.6,,,,,,,
,157,17,23.4,,,,,,,
,157,18,22.8,,,,,,,
,157,19,21.7,,,,,,,
,157,20,20.4,,,,,,,
,157,21,18.9,,,,,,,
,157,22,17.2,,,,,,,
,157,23,15.5,,,,,,,
,157,24,13.8,,,,,,,
,158,1,12.6,,,,,,,
,158,2,11.3,,,,,,,
,158,3,10.5,,,,,,,
,158,4,9.8,,,,,,,
,158,5,9.2,,,,,,,
,158,6,9.5,,,,,,,
,158,7,10.9,,,,,,,
,158,8,12.4,,,,,,,
,158,9,14,,,,,,,
,158,10,15.5,,,,,,,
,158,11,16.9,,,,,,,
,158,12,18.1,,,,,,,
,158,13,19,,,,,,,
,158,14,19.7,,,,,,,
,158,15,20.1,,,,,,,
,158,16,20.2,,,,,,,
,158,17,20,,,,,,,
,158,18,19.4,,,,,,,
,158,19,18.4,,,,,,,
,158,20,17.2,,,,,,,
,158,21,15.9,,,,,,,
,158,22,14.7,,,,,,,
,158,23,13.5,,,,,,,
,158,24,12.3,,,,,,,
,159,1,11.9,,,,,,,
,159,2,11.4,,,,,,,
,159,3,11.2,,,,,,,
,159,4,10.9,,,,,,,
,159,5,10.7,,,,,,,
,159,6,11.1,,,,,,,
,159,7,13.2,,,,,,,
,159,8,15.4,,,,,,,
,159,9,17.6,,,,,,,
,159,10,19.8,,,,,,,
,159,11,21.7,,,,,,,
,159,12,23.4,,,,,,,
,159,13,24.8,,,,,,,
,159,14,25.8,,,,,,,
,159,15,26.5,,,,,,,
,159,16,26.7,,,,,,,
,159,17,26.6,,,,,,,
,159,18,25.9,,,,,,,
,159,19,24.7,,,,,,,
,159,20,23.2,,,,,,,
,159,21,21.5,,,,,,,
,159,22,19.9,,,,,,,
,159,23,18.2,,,,,,,
,159,24,16.6,,,,,,,
,160,1,15.4,,,,,,,
,160,2,14.1,,,,,,,
,160,3,13.3,,,,,,,
,160,4,12.6,,,,,,,
,160,5,12.1,,,,,,,
,160,6,12.4,,,,,,,
,160,7,14,,,,,,,
,160,8,15.6,,,,,,,
,160,9,17.4,,,,,,,
,160,10,19.2,,,,,,,
,160,11,20.8,,,,,,,
,160,12,22.2,,,,,,,
,160,13,23.3,,,,,,,
,160,14,24.1,,,,,,,
,160,15,24.6,,,,,,,
,160,16,24.7,,,,,,,
,160,17,24.6,,,,,,,
,160,18,23.9,,,,,,,
,160,19,22.8,,,,,,,
,160,20,21.4,,,,,,,
,160,21,19.9,,,,,,,
,160,22,18.7,,,,,,,
,160,23,17.5,,,,,,,
,160,24,16.3,,,,,,,
,161,1,16,,,,,,,
,161,2,15.6,,,,,,,
,161,3,15.3,,,,,,,
,161,4,15.1,,,,,,,
,161,5,14.9,,,,,,,
,161,6,15.1,,,,,,,
,161,7,15.8,,,,,,,
,161,8,16.5,,,,,,,
,161,9,17.2,,,,,,,
,161,10,17.9,,,,,,,
,161,11,18.5,,,,,,,
,161,12,19.1,,,,,,,
,161,13,19.5,,,,,,,
,161,14,19.8,,,,,,,
,161,15,19.8,,,,,,,
,161,16,19.5,,,,,,,
,161,17,19.8,,,,,,,
,161,18,19.5,,,,,,,
,161,19,19,,,,,,,
,161,20,18.4,,,,,,,
,161,21,17.8,,,,,,,
,161,22,17.8,,,,,,,
,161,23,17.9,,,,,,,
,161,24,17.9,,,,,,,
,162,1,18.1,,,,,,,
,162,2,18.3,,,,,,,
,162,3,18.6,,,,,,,
,162,4,18.7,,,,,,,
,162,5,18.8,,,,,,,
,162,6,19.2,,,,,,,
,162,7,20.2,,,,,,,
,162,8,21.2,,,,,,,
,162,9,22.4,,,,,,,
,162,10,23.5,,,,,,,
,162,11,24.6,,,,,,,
,162,12,25.5,,,,,,,
,162,13,26.2,,,,,,,
,162,14,27,,,,,,,
,162,15,27.5,,,,,,,
,162,16,27.9,,,,,,,
,162,17,28,,,,,,,
,162,18,27.7,,,,,,,
,162,19,27.1,,,,,,,
,162,20,26.1,,,,,,,
,162,21,25.6,,,,,,,
,162,22,24.2,,,,,,,
,162,23,22.8,,,,,,,
,162,24,21.4,,,,,,,
,163,1,19.9,,,,,,,
,163,2,18.2,,,,,,,
,163,3,17.3,,,,,,,
,163,4,16.4,,,,,,,
,163,5,15.8,,,,,,,
,163,6,16.1,,,,,,,
,163,7,17.3,,,,,,,
,163,8,18.2,,,,,,,
,163,9,20,,,,,,,
,163,10,21.1,,,,,,,
,163,11,22.1,,,,,,,
,163,12,22,,,,,,,
,163,13,21.4,,,,,,,
,163,14,21.8,,,,,,,
,163,15,21.8,,,,,,,
,163,16,21.7,,,,,,,
,163,17,21.1,,,,,,,
,163,18,20.4,,,,,,,
,163,19,19.6,,,,,,,
,163,20,18.8,,,,,,,
,163,21,18,,,,,,,
,163,22,16.3,,,,,,,
,163,23,14.6,,,,,,,
,163,24,12.9,,,,,,,
,164,1,12,,,,,,,
,164,2,11,,,,,,,
,164,3,10.4,,,,,,,
,164,4,9.8,,,,,,,
,164,5,9.4,,,,,,,
,164,6,9.7,,,,,,,
,164,7,11.5,,,,,,,
,164,8,13.4,,,,,,,
,164,9,15.3,,,,,,,
,164,10,17.2,,,,,,,
,164,11,18.9,,,,,,,
,164,12,20.5,,,,,,,
,164,13,21.7,,,,,,,
,164,14,22.7,,,,,,,
,164,15,23.3,,,,,,,
,164,16,23.5,,,,,,,
,164,17,23.4,,,,,,,
,164,18,22.8,,,,,,,
,164,19,21.7,,,,,,,
,164,20,20.3,,,,,,,
,164,21,18.7,,,,,,,
,164,22,16.9,,,,,,,
,164,23,15.2,,,,,,,
,164,24,13.4,,,,,,,
,165,1,12.3,,,,,,,
,165,2,11,,,,,,,
,165,3,10.3,,,,,,,
,165,4,9.5,,,,,,,
,165,5,9,,,,,,,
,165,6,9.2,,,,,,,
,165,7,10.9,,,,,,,
,165,8,12.5,,,,,,,
,165,9,14.3,,,,,,,
,165,10,15.9,,,,,,,
,165,11,17.4,,,,,,,
,165,12,18.8,,,,,,,
,165,13,19.9,,,,,,,
,165,14,20.6,,,,,,,
,165,15,21.1,,,,,,,
,165,16,21.2,,,,,,,
,165,17,21,,,,,,,
,165,18,20.3,,,,,,,
,165,19,19.2,,,,,,,
,165,20,17.8,,,,,,,
,165,21,16.3,,,,,,,
,165,22,15.1,,,,,,,
,165,23,13.9,,,,,,,
,165,24,12.6,,,,,,,
,166,1,12.4,,fin période 1,,,,,
,166,2,12.2,,,,,,,
,166,3,12.1,,,,,,,
,166,4,11.9,,,,,,,
,166,5,11.8,,,,,,,
,166,6,12.1,,,,,,,
,166,7,12.8,,,,,,,
,166,8,14.4,,,,,,,
,166,9,16.5,,,,,,,
,166,10,17.8,,,,,,,
,166,11,18.8,,,,,,,
,166,12,20.5,,,,,,,
,166,13,21.8,,,,,,,
,166,14,22.6,,,,,,,
,166,15,23.2,,,,,,,
,166,16,23.4,,,,,,,
,166,17,23.3,,,,,,,
,166,18,22.9,,,,,,,
,166,19,21.9,,,,,,,
,166,20,20.8,,,,,,,
,166,21,19.6,,,,,,,
,166,22,18.6,,,,,,,
,166,23,17.5,,,,,,,
,166,24,16.5,,,,,,,
,167,1,15.6,,,,,,,
,167,2,14.7,,,,,,,
,167,3,14.1,,,,,,,
,167,4,13.6,,,,,,,
,167,5,13.2,,,,,,,
,167,6,13.6,,,,,,,
,167,7,15.1,,,,,,,
,167,8,16.7,,,,,,,
,167,9,18.5,,,,,,,
,167,10,20.2,,,,,,,
,167,11,21.8,,,,,,,
,167,12,23.2,,,,,,,
,167,13,24.5,,,,,,,
,167,14,25.4,,,,,,,
,167,15,25.9,,,,,,,
,167,16,26.2,,,,,,,
,167,17,26.1,,,,,,,
,167,18,25.5,,,,,,,
,167,19,24.5,,,,,,,
,167,20,23.3,,,,,,,
,167,21,21.8,,,,,,,
,167,22,20.4,,,,,,,
,167,23,18.9,,,,,,,
,167,24,17.5,,,,,,,
,168,1,16.6,,,,,,,
,168,2,15.7,,,,,,,
,168,3,15.2,,,,,,,
,168,4,14.7,,,,,,,
,168,5,14.4,,,,,,,
,168,6,14.7,,,,,,,
,168,7,16.2,,,,,,,
,168,8,17.9,,,,,,,
,168,9,19.7,,,,,,,
,168,10,21.4,,,,,,,
,168,11,23,,,,,,,
,168,12,24.5,,,,,,,
,168,13,25.6,,,,,,,
,168,14,26.5,,,,,,,
,168,15,27,,,,,,,
,168,16,27.3,,,,,,,
,168,17,27.2,,,,,,,
,168,18,26.7,,,,,,,
,168,19,25.8,,,,,,,
,168,20,24.5,,,,,,,
,168,21,23.1,,,,,,,
,168,22,21.5,,,,,,,
,168,23,19.9,,,,,,,
,168,24,18.4,,,,,,,
,169,1,17.4,,,,,,,
,169,2,16.3,,,,,,,
,169,3,15.8,,,,,,,
,169,4,15.3,,,,,,,
,169,5,14.9,,,,,,,
,169,6,14.9,,,,,,,
,169,7,15,,,,,,,
,169,8,14.1,,,,,,,
,169,9,14.8,,,,,,,
,169,10,15.3,,,,,,,
,169,11,15.7,,,,,,,
,169,12,15.9,,,,,,,
,169,13,16.5,,,,,,,
,169,14,16.7,,,,,,,
,169,15,17.1,,,,,,,
,169,16,17.3,,,,,,,
,169,17,17.3,,,,,,,
,169,18,17.2,,,,,,,
,169,19,17,,,,,,,
,169,20,16.7,,,,,,,
,169,21,16.3,,,,,,,
,169,22,15.7,,,,,,,
,169,23,15,,,,,,,
,169,24,14.3,,,,,,,
,170,1,14,,,,,,,
,170,2,13.7,,,,,,,
,170,3,13.5,,,,,,,
,170,4,13.3,,,,,,,
,170,5,13.2,,,,,,,
,170,6,13.6,,,,,,,
,170,7,15.6,,,,,,,
,170,8,17.1,,,,,,,
,170,9,17.4,,,,,,,
,170,10,18,,,,,,,
,170,11,17.6,,,,,,,
,170,12,18.1,,,,,,,
,170,13,19.5,,,,,,,
,170,14,20.8,,,,,,,
,170,15,22.3,,,,,,,
,170,16,22.9,,,,,,,
,170,17,23.4,,,,,,,
,170,18,23.5,,,,,,,
,170,19,23.1,,,,,,,
,170,20,22.3,,,,,,,
,170,21,21.2,,,,,,,
,170,22,20.2,,,,,,,
,170,23,19.1,,,,,,,
,170,24,18,,,,,,,
,171,1,17.1,,,,,,,
,171,2,16.1,,,,,,,
,171,3,15.5,,,,,,,
,171,4,15,,,,,,,
,171,5,14.6,,,,,,,
,171,6,14.9,,,,,,,
,171,7,16.4,,,,,,,
,171,8,18.2,,,,,,,
,171,9,19.6,,,,,,,
,171,10,21.4,,,,,,,
,171,11,23.1,,,,,,,
,171,12,23.2,,,,,,,
,171,13,23.5,,,,,,,
,171,14,23.5,,,,,,,
,171,15,23.5,,,,,,,
,171,16,23.4,,,,,,,
,171,17,22.8,,,,,,,
,171,18,22.1,,,,,,,
,171,19,21,,,,,,,
,171,20,19.9,,,,,,,
,171,21,18.9,,,,,,,
,171,22,18.3,,,,,,,
,171,23,17.6,,,,,,,
,171,24,17,,,,,,,
,172,1,16.9,,,,,,,
,172,2,16.6,,,,,,,
,172,3,15.6,,,,,,,
,172,4,17.2,,,,,,,
,172,5,17.2,,,,,,,
,172,6,17.1,,,,,,,
,172,7,17.6,,,,,,,
,172,8,17.8,,,,,,,
,172,9,18,,,,,,,
,172,10,18.3,,,,,,,
,172,11,18.6,,,,,,,
,172,12,18.8,,,,,,,
,172,13,18.9,,,,,,,
,172,14,19.1,,,,,,,
,172,15,19.1,,,,,,,
,172,16,18.8,,,,,,,
,172,17,19.1,,,,,,,
,172,18,18.7,,,,,,,
,172,19,18.2,,,,,,,
,172,20,18.8,,,,,,,
,172,21,18.5,,,,,,,
,172,22,18.3,,,,,,,
,172,23,17.9,,,,,,,
,172,24,17.5,,,,,,,
,173,1,17,,,,,,,
,173,2,16.4,,,,,,,
,173,3,16.1,,,,,,,
,173,4,15.8,,,,,,,
,173,5,15.5,,,,,,,
,173,6,15.9,,,,,,,
,173,7,17.5,,,,,,,
,173,8,19.2,,,,,,,
,173,9,21.1,,,,,,,
,173,10,23,,,,,,,
,173,11,24.8,,,,,,,
,173,12,26.4,,,,,,,
,173,13,27.6,,,,,,,
,173,14,28.5,,,,,,,
,173,15,29.1,,,,,,,
,173,16,29.4,,,,,,,
,173,17,29.2,,,,,,,
,173,18,28.6,,,,,,,
,173,19,27.6,,,,,,,
,173,20,26.3,,,,,,,
,173,21,24.8,,,,,,,
,173,22,23.8,,,,,,,
,173,23,22.8,,,,,,,
,173,24,21.7,,,,,,,
,174,1,21.2,,,,,,,
,174,2,20.5,,,,,,,
,174,3,20.2,,,,,,,
,174,4,19.8,,,,,,,
,174,5,19.5,,,,,,,
,174,6,19.9,,,,,,,
,174,7,21.4,,,,,,,
,174,8,22.9,,,,,,,
,174,9,24.4,,,,,,,
,174,10,26,,,,,,,
,174,11,27.6,,,,,,,
,174,12,29,,,,,,,
,174,13,30,,,,,,,
,174,14,30.8,,,,,,,
,174,15,31.2,,,,,,,
,174,16,31.4,,,,,,,
,174,17,31.4,,,,,,,
,174,18,31,,,,,,,
,174,19,30.3,,,,,,,
,174,20,29.1,,,,,,,
,174,21,27.8,,,,,,,
,174,22,26.5,,,,,,,
,174,23,25.3,,,,,,,
,174,24,24,,,,,,,
,175,1,23.3,,,,,,,
,175,2,22.6,,,,,,,
,175,3,22.2,,,,,,,
,175,4,21.8,,,,,,,
,175,5,21.5,,,,,,,
,175,6,21.9,,,,,,,
,175,7,23.5,,,,,,,
,175,8,23.8,,,,,,,
,175,9,23.8,,,,,,,
,175,10,23.6,,,,,,,
,175,11,23.7,,,,,,,
,175,12,24.8,,,,,,,
,175,13,26.1,,,,,,,
,175,14,26.8,,,,,,,
,175,15,26.8,,,,,,,
,175,16,27.6,,,,,,,
,175,17,28.1,,,,,,,
,175,18,28.3,,,,,,,
,175,19,28.2,,,,,,,
,175,20,27.7,,,,,,,
,175,21,26.9,,,,,,,
,175,22,25.9,,,,,,,
,175,23,24.9,,,,,,,
,175,24,24,,,,,,,
,176,1,23.3,,,,,,,
,176,2,22.5,,,,,,,
,176,3,22.1,,,,,,,
,176,4,21.7,,,,,,,
,176,5,21.5,,,,,,,
,176,6,21.6,,,,,,,
,176,7,21.8,,,,,,,
,176,8,21.8,,,,,,,
,176,9,22,,,,,,,
,176,10,22.7,,,,,,,
,176,11,24.1,,,,,,,
,176,12,25,,,,,,,
,176,13,25,,,,,,,
,176,14,25.8,,,,,,,
,176,15,26,,,,,,,
,176,16,26,,,,,,,
,176,17,26.8,,,,,,,
,176,18,27,,,,,,,
,176,19,26.9,,,,,,,
,176,20,26.6,,,,,,,
,176,21,26,,,,,,,
,176,22,24.5,,,,,,,
,176,23,23.1,,,,,,,
,176,24,21.7,,,,,,,
,177,1,20.4,,,,,,,
,177,2,19,,,,,,,
,177,3,18.3,,,,,,,
,177,4,17.5,,,,,,,
,177,5,17,,,,,,,
,177,6,17.2,,,,,,,
,177,7,18.4,,,,,,,
,177,8,19.7,,,,,,,
,177,9,20.9,,,,,,,
,177,10,22.5,,,,,,,
,177,11,23.8,,,,,,,
,177,12,25,,,,,,,
,177,13,25.8,,,,,,,
,177,14,26.4,,,,,,,
,177,15,26.9,,,,,,,
,177,16,27.1,,,,,,,
,177,17,27,,,,,,,
,177,18,26.5,,,,,,,
,177,19,25.6,,,,,,,
,177,20,24.5,,,,,,,
,177,21,23.3,,,,,,,
,177,22,22,,,,,,,
,177,23,20.6,,,,,,,
,177,24,19.3,,,,,,,
,178,1,18.6,,,,,,,
,178,2,17.9,,,,,,,
,178,3,17.5,,,,,,,
,178,4,17.2,,,,,,,
,178,5,16.9,,,,,,,
,178,6,17.1,,,,,,,
,178,7,18,,,,,,,
,178,8,18.7,,,,,,,
,178,9,20.1,,,,,,,
,178,10,21.5,,,,,,,
,178,11,22.9,,,,,,,
,178,12,24.4,,,,,,,
,178,13,25.2,,,,,,,
,178,14,25.8,,,,,,,
,178,15,26.3,,,,,,,
,178,16,26.6,,,,,,,
,178,17,26.3,,,,,,,
,178,18,25.9,,,,,,,
,178,19,25.1,,,,,,,
,178,20,24,,,,,,,
,178,21,23,,,,,,,
,178,22,21.7,,,,,,,
,178,23,20.4,,,,,,,
,178,24,19.1,,,,,,,
,179,1,18.1,,,,,,,
,179,2,16.9,,,,,,,
,179,3,16.3,,,,,,,
,179,4,15.7,,,,,,,
,179,5,15.3,,,,,,,
,179,6,15.6,,,,,,,
,179,7,17,,,,,,,
,179,8,18.5,,,,,,,
,179,9,19.7,,,,,,,
,179,10,20.7,,,,,,,
,179,11,21.7,,,,,,,
,179,12,22.8,,,,,,,
,179,13,23.9,,,,,,,
,179,14,24.8,,,,,,,
,179,15,25.3,,,,,,,
,179,16,25.5,,,,,,,
,179,17,25.4,,,,,,,
,179,18,24.9,,,,,,,
,179,19,24.1,,,,,,,
,179,20,23,,,,,,,
,179,21,21.9,,,,,,,
,179,22,20.3,,,,,,,
,179,23,18.8,,,,,,,
,179,24,17.3,,,,,,,
,180,1,16.4,,,,,,,
,180,2,15.5,,,,,,,
,180,3,14.9,,,,,,,
,180,4,14.4,,,,,,,
,180,5,14,,,,,,,
,180,6,14.2,,,,,,,
,180,7,15.2,,,,,,,
,180,8,16.3,,,,,,,
,180,9,17.4,,,,,,,
,180,10,18.7,,,,,,,
,180,11,19.8,,,,,,,
,180,12,20.6,,,,,,,
,180,13,21.4,,,,,,,
,180,14,22,,,,,,,
,180,15,22.2,,,,,,,
,180,16,22.1,,,,,,,
,180,17,21.6,,,,,,,
,180,18,21,,,,,,,
,180,19,20.3,,,,,,,
,180,20,19.4,,,,,,,
,180,21,18.5,,,,,,,
,180,22,17.2,,,,,,,
,180,23,16,,,,,,,
,180,24,14.8,,,,,,,
,181,1,14,,,,,,,
,181,2,13.1,,,,,,,
,181,3,12.6,,,,,,,
,181,4,12.1,,,,,,,
,181,5,11.7,,,,,,,
,181,6,12,,,,,,,
,181,7,13.4,,,,,,,
,181,8,14.9,,,,,,,
,181,9,16.5,,,,,,,
,181,10,18.1,,,,,,,
,181,11,19.5,,,,,,,
,181,12,19.1,,,,,,,
,181,13,18.8,,,,,,,
,181,14,18.7,,,,,,,
,181,15,18.6,,,,,,,
,181,16,18.3,,,,,,,
,181,17,17.9,,,,,,,
,181,18,17.2,,,,,,,
,181,19,16.5,,,,,,,
,181,20,15.8,,,,,,,
,181,21,14.9,,,,,,,
,181,22,14.8,,,,,,,
,181,23,14.6,,,,,,,
,181,24,14.5,,,,,,,
juillet,182,1,14.9,,,,,,,
,182,2,15.3,,,,,,,
,182,3,15.5,,,,,,,
,182,4,15.7,,,,,,,
,182,5,15.8,,,,,,,
,182,6,16.3,,,,,,,
,182,7,18.4,,,,,,,
,182,8,20.6,,,,,,,
,182,9,23.1,,,,,,,
,182,10,25.6,,,,,,,
,182,11,27.8,,,,,,,
,182,12,28,,,,,,,
,182,13,27.9,,,,,,,
,182,14,27.9,,,,,,,
,182,15,27.9,,,,,,,
,182,16,27.9,,,,,,,
,182,17,27.5,,,,,,,
,182,18,26.9,,,,,,,
,182,19,26,,,,,,,
,182,20,24.8,,,,,,,
,182,21,23.7,,,,,,,
,182,22,22.5,,,,,,,
,182,23,21.4,,,,,,,
,182,24,20.2,,,,,,,
,183,1,19.3,,,,,,,
,183,2,18.2,,,,,,,
,183,3,17.7,,,,,,,
,183,4,17.1,,,,,,,
,183,5,16.7,,,,,,,
,183,6,17,,,,,,,
,183,7,18.5,,,,,,,
,183,8,20.2,,,,,,,
,183,9,21.9,,,,,,,
,183,10,23.7,,,,,,,
,183,11,25.4,,,,,,,
,183,12,26.9,,,,,,,
,183,13,28.1,,,,,,,
,183,14,29.1,,,,,,,
,183,15,29.7,,,,,,,
,183,16,30,,,,,,,
,183,17,30,,,,,,,
,183,18,29.4,,,,,,,
,183,19,28.5,,,,,,,
,183,20,27.2,,,,,,,
,183,21,25.8,,,,,,,
,183,22,23.5,,,,,,,
,183,23,21.3,,,,,,,
,183,24,19.1,,,,,,,
,184,1,17.4,,,,,,,
,184,2,15.6,,,,,,,
,184,3,14.7,,,,,,,
,184,4,13.7,,,,,,,
,184,5,13,,,,,,,
,184,6,13.2,,,,,,,
,184,7,14.3,,,,,,,
,184,8,15.6,,,,,,,
,184,9,16.9,,,,,,,
,184,10,18.2,,,,,,,
,184,11,19.6,,,,,,,
,184,12,20.6,,,,,,,
,184,13,21.3,,,,,,,
,184,14,22,,,,,,,
,184,15,22.5,,,,,,,
,184,16,22.6,,,,,,,
,184,17,22.4,,,,,,,
,184,18,21.9,,,,,,,
,184,19,21,,,,,,,
,184,20,20,,,,,,,
,184,21,18.7,,,,,,,
,184,22,17.2,,,,,,,
,184,23,15.7,,,,,,,
,184,24,14.3,,,,,,,
,185,1,13.7,,,,,,,
,185,2,13.1,,,,,,,
,185,3,12.8,,,,,,,
,185,4,12.6,,,,,,,
,185,5,12.4,,,,,,,
,185,6,12.6,,,,,,,
,185,7,13.7,,,,,,,
,185,8,14.5,,,,,,,
,185,9,16.2,,,,,,,
,185,10,17.8,,,,,,,
,185,11,19.1,,,,,,,
,185,12,19.8,,,,,,,
,185,13,20.3,,,,,,,
,185,14,20.2,,,,,,,
,185,15,19.1,,,,,,,
,185,16,17.7,,,,,,,
,185,17,17.4,,,,,,,
,185,18,16.7,,,,,,,
,185,19,16,,,,,,,
,185,20,15.5,,,,,,,
,185,21,15,,,,,,,
,185,22,14.5,,,,,,,
,185,23,14,,,,,,,
,185,24,13.6,,,,,,,
,186,1,13.1,,,,,,,
,186,2,12.5,,,,,,,
,186,3,12.2,,,,,,,
,186,4,11.8,,,,,,,
,186,5,11.6,,,,,,,
,186,6,11.8,,,,,,,
,186,7,13.4,,,,,,,
,186,8,15.1,,,,,,,
,186,9,17,,,,,,,
,186,10,18.9,,,,,,,
,186,11,20.6,,,,,,,
,186,12,22.1,,,,,,,
,186,13,23.4,,,,,,,
,186,14,24.4,,,,,,,
,186,15,25.1,,,,,,,
,186,16,25.4,,,,,,,
,186,17,25.4,,,,,,,
,186,18,24.8,,,,,,,
,186,19,23.9,,,,,,,
,186,20,22.6,,,,,,,
,186,21,21.1,,,,,,,
,186,22,20.2,,,,,,,
,186,23,19.3,,,,,,,
,186,24,18.5,,,,,,,
,187,1,18.1,,,,,,,
,187,2,17.7,,,,,,,
,187,3,17.5,,,,,,,
,187,4,17.3,,,,,,,
,187,5,17.1,,,,,,,
,187,6,17.4,,,,,,,
,187,7,18.5,,,,,,,
,187,8,20,,,,,,,
,187,9,21.4,,,,,,,
,187,10,23.2,,,,,,,
,187,11,24.7,,,,,,,
,187,12,26,,,,,,,
,187,13,27.2,,,,,,,
,187,14,27.9,,,,,,,
,187,15,28.4,,,,,,,
,187,16,28.7,,,,,,,
,187,17,28.5,,,,,,,
,187,18,27.7,,,,,,,
,187,19,26.7,,,,,,,
,187,20,25.6,,,,,,,
,187,21,24.5,,,,,,,
,187,22,23,,,,,,,
,187,23,21.5,,,,,,,
,187,24,20,,,,,,,
,188,1,18.6,,,,,,,
,188,2,17.1,,,,,,,
,188,3,16.4,,,,,,,
,188,4,15.6,,,,,,,
,188,5,15.1,,,,,,,
,188,6,15.4,,,,,,,
,188,7,16.3,,,,,,,
,188,8,17.3,,,,,,,
,188,9,18.4,,,,,,,
,188,10,19.1,,,,,,,
,188,11,18.9,,,,,,,
,188,12,19.4,,,,,,,
,188,13,21.1,,,,,,,
,188,14,22.7,,,,,,,
,188,15,23.6,,,,,,,
,188,16,24.4,,,,,,,
,188,17,24.5,,,,,,,
,188,18,23.4,,,,,,,
,188,19,22.3,,,,,,,
,188,20,21.2,,,,,,,
,188,21,20.2,,,,,,,
,188,22,19.6,,,,,,,
,188,23,19,,,,,,,
,188,24,18.3,,,,,,,
,189,1,18.2,,,,,,,
,189,2,17.9,,,,,,,
,189,3,17.5,,,,,,,
,189,4,17.8,,,,,,,
,189,5,17.7,,,,,,,
,189,6,17.9,,,,,,,
,189,7,18.5,,,,,,,
,189,8,20,,,,,,,
,189,9,21,,,,,,,
,189,10,21.9,,,,,,,
,189,11,23.5,,,,,,,
,189,12,24.4,,,,,,,
,189,13,24.9,,,,,,,
,189,14,25.2,,,,,,,
,189,15,26,,,,,,,
,189,16,26.4,,,,,,,
,189,17,26.5,,,,,,,
,189,18,26.1,,,,,,,
,189,19,25.4,,,,,,,
,189,20,24.6,,,,,,,
,189,21,23.7,,,,,,,
,189,22,23.2,,,,,,,
,189,23,22.7,,,,,,,
,189,24,22.1,,,,,,,
,190,1,21.7,,,,,,,
,190,2,20.8,,,,,,,
,190,3,21,,,,,,,
,190,4,20.8,,,,,,,
,190,5,20.7,,,,,,,
,190,6,20.8,,,,,,,
,190,7,21.8,,,,,,,
,190,8,23.2,,,,,,,
,190,9,24,,,,,,,
,190,10,24.5,,,,,,,
,190,11,25.2,,,,,,,
,190,12,25.8,,,,,,,
,190,13,26.5,,,,,,,
,190,14,26,,,,,,,
,190,15,26.1,,,,,,,
,190,16,26,,,,,,,
,190,17,26.1,,,,,,,
,190,18,25.8,,,,,,,
,190,19,25.2,,,,,,,
,190,20,24.7,,,,,,,
,190,21,24.1,,,,,,,
,190,22,23.3,,,,,,,
,190,23,22.5,,,,,,,
,190,24,21.7,,,,,,,
,191,1,21,,,,,,,
,191,2,20.3,,,,,,,
,191,3,19.8,,,,,,,
,191,4,19.4,,,,,,,
,191,5,19.1,,,,,,,
,191,6,19.3,,,,,,,
,191,7,21.1,,,,,,,
,191,8,23.2,,,,,,,
,191,9,25.2,,,,,,,
,191,10,27,,,,,,,
,191,11,28.8,,,,,,,
,191,12,29.3,,,,,,,
,191,13,29.9,,,,,,,
,191,14,30.6,,,,,,,
,191,15,31,,,,,,,
,191,16,30.8,,,,,,,
,191,17,30.4,,,,,,,
,191,18,29.6,,,,,,,
,191,19,28.5,,,,,,,
,191,20,27.2,,,,,,,
,191,21,26,,,,,,,
,191,22,24.9,,,,,,,
,191,23,23.8,,,,,,,
,191,24,22.8,,,,,,,
,192,1,22.2,,,,,,,
,192,2,21.4,,,,,,,
,192,3,20.5,,,,,,,
,192,4,19.2,,,,,,,
,192,5,20.5,,,,,,,
,192,6,20.4,,,,,,,
,192,7,20.7,,,,,,,
,192,8,22.4,,,,,,,
,192,9,23.5,,,,,,,
,192,10,24,,,,,,,
,192,11,24.8,,,,,,,
,192,12,25.1,,,,,,,
,192,13,25.4,,,,,,,
,192,14,25.4,,,,,,,
,192,15,25.6,,,,,,,
,192,16,25.4,,,,,,,
,192,17,25.2,,,,,,,
,192,18,25.1,,,,,,,
,192,19,24.8,,,,,,,
,192,20,24,,,,,,,
,192,21,23.8,,,,,,,
,192,22,22.2,,,,,,,
,192,23,20.5,,,,,,,
,192,24,19,,,,,,,
,193,1,17.6,,,,,,,
,193,2,16.1,,,,,,,
,193,3,15.3,,,,,,,
,193,4,14.5,,,,,,,
,193,5,13.9,,,,,,,
,193,6,14,,,,,,,
,193,7,15.3,,,,,,,
,193,8,16.8,,,,,,,
,193,9,18.5,,,,,,,
,193,10,20.2,,,,,,,
,193,11,21.7,,,,,,,
,193,12,23.1,,,,,,,
,193,13,24.3,,,,,,,
,193,14,25.2,,,,,,,
,193,15,25.8,,,,,,,
,193,16,26,,,,,,,
,193,17,25.9,,,,,,,
,193,18,25.4,,,,,,,
,193,19,24.4,,,,,,,
,193,20,23.1,,,,,,,
,193,21,21.7,,,,,,,
,193,22,20,,,,,,,
,193,23,18.3,,,,,,,
,193,24,16.6,,,,,,,
,194,1,15.8,,,,,,,
,194,2,14.8,,,,,,,
,194,3,14.3,,,,,,,
,194,4,13.8,,,,,,,
,194,5,13.4,,,,,,,
,194,6,13.5,,,,,,,
,194,7,14.1,,,,,,,
,194,8,14.9,,,,,,,
,194,9,15.8,,,,,,,
,194,10,16.5,,,,,,,
,194,11,17.4,,,,,,,
,194,12,18.1,,,,,,,
,194,13,18.6,,,,,,,
,194,14,18.9,,,,,,,
,194,15,19,,,,,,,
,194,16,19.2,,,,,,,
,194,17,19,,,,,,,
,194,18,18.5,,,,,,,
,194,19,17.9,,,,,,,
,194,20,16.9,,,,,,,
,194,21,15.8,,,,,,,
,194,22,16.1,,,,,,,
,194,23,15.7,,,,,,,
,194,24,15.4,,,,,,,
,195,1,15.4,,,,,,,
,195,2,15.6,,,,,,,
,195,3,15.7,,,,,,,
,195,4,15.8,,,,,,,
,195,5,15.6,,,,,,,
,195,6,15.9,,,,,,,
,195,7,17,,,,,,,
,195,8,18,,,,,,,
,195,9,19,,,,,,,
,195,10,20.2,,,,,,,
,195,11,21,,,,,,,
,195,12,21.6,,,,,,,
,195,13,22.2,,,,,,,
,195,14,22.9,,,,,,,
,195,15,23.4,,,,,,,
,195,16,23.6,,,,,,,
,195,17,23.7,,,,,,,
,195,18,22.6,,,,,,,
,195,19,22.5,,,,,,,
,195,20,22.1,,,,,,,
,195,21,21.5,,,,,,,
,195,22,20.3,,,,,,,
,195,23,19.1,,,,,,,
,195,24,17.9,,,,,,,
,196,1,16.7,,,,,,,
,196,2,15.5,,,,,,,
,196,3,14.8,,,,,,,
,196,4,14.1,,,,,,,
,196,5,13.6,,,,,,,
,196,6,13.6,,,,,,,
,196,7,14.2,,,,,,,
,196,8,15.2,,,,,,,
,196,9,16.1,,,,,,,
,196,10,17.1,,,,,,,
,196,11,17.9,,,,,,,
,196,12,18.9,,,,,,,
,196,13,19.7,,,,,,,
,196,14,20.4,,,,,,,
,196,15,20.8,,,,,,,
,196,16,20.9,,,,,,,
,196,17,20.8,,,,,,,
,196,18,20.3,,,,,,,
,196,19,19.6,,,,,,,
,196,20,18.8,,,,,,,
,196,21,17.8,,,,,,,
,196,22,16.8,,,,,,,
,196,23,15.9,,,,,,,
,196,24,14.9,,,,,,,
,197,1,14.5,,,,,,,
,197,2,14.1,,,,,,,
,197,3,13.8,,,,,,,
,197,4,13.6,,,,,,,
,197,5,13.4,,,,,,,
,197,6,13.6,,,,,,,
,197,7,15,,,,,,,
,197,8,16.6,,,,,,,
,197,9,18.5,,,,,,,
,197,10,20.3,,,,,,,
,197,11,22,,,,,,,
,197,12,23.7,,,,,,,
,197,13,25,,,,,,,
,197,14,26.1,,,,,,,
,197,15,26.9,,,,,,,
,197,16,27.2,,,,,,,
,197,17,27.2,,,,,,,
,197,18,26.7,,,,,,,
,197,19,25.8,,,,,,,
,197,20,24.6,,,,,,,
,197,21,23.2,,,,,,,
,197,22,21.3,,,,,,,
,197,23,19.5,,,,,,,
,197,24,17.7,,,,,,,
,198,1,16.1,,,,,,,
,198,2,14.4,,,,,,,
,198,3,13.4,,,,,,,
,198,4,12.4,,,,,,,
,198,5,11.6,,,,,,,
,198,6,11.5,,,,,,,
,198,7,12.3,,,,,,,
,198,8,13.3,,,,,,,
,198,9,14.4,,,,,,,
,198,10,15.5,,,,,,,
,198,11,16.6,,,,,,,
,198,12,17.5,,,,,,,
,198,13,18.3,,,,,,,
,198,14,18.9,,,,,,,
,198,15,19.1,,,,,,,
,198,16,19.1,,,,,,,
,198,17,18.9,,,,,,,
,198,18,18.3,,,,,,,
,198,19,17.4,,,,,,,
,198,20,16.3,,,,,,,
,198,21,15.1,,,,,,,
,198,22,13.7,,,,,,,
,198,23,12.3,,,,,,,
,198,24,10.9,,,,,,,
,199,1,10.9,,,,,,,
,199,2,10.7,,,,,,,
,199,3,10.7,,,,,,,
,199,4,10.6,,,,,,,
,199,5,10.5,,,,,,,
,199,6,10.6,,,,,,,
,199,7,11.8,,,,,,,
,199,8,13.2,,,,,,,
,199,9,15,,,,,,,
,199,10,16.9,,,,,,,
,199,11,18.8,,,,,,,
,199,12,20.4,,,,,,,
,199,13,21.4,,,,,,,
,199,14,22,,,,,,,
,199,15,22.5,,,,,,,
,199,16,22.6,,,,,,,
,199,17,22.5,,,,,,,
,199,18,21.9,,,,,,,
,199,19,20.9,,,,,,,
,199,20,19.7,,,,,,,
,199,21,18.5,,,,,,,
,199,22,18,,,,,,,
,199,23,17.5,,,,,,,
,199,24,17,,,,,,,
,200,1,16.7,,,,,,,
,200,2,16.5,,,,,,,
,200,3,16.4,,,,,,,
,200,4,16.2,,,,,,,
,200,5,16.2,,,,,,,
,200,6,16.3,,,,,,,
,200,7,18,,,,,,,
,200,8,18.9,,,,,,,
,200,9,18.4,,,,,,,
,200,10,19.1,,,,,,,
,200,11,19.9,,,,,,,
,200,12,21.1,,,,,,,
,200,13,22.6,,,,,,,
,200,14,23.7,,,,,,,
,200,15,25.1,,,,,,,
,200,16,25.6,,,,,,,
,200,17,25.8,,,,,,,
,200,18,25.5,,,,,,,
,200,19,24.8,,,,,,,
,200,20,24.1,,,,,,,
,200,21,23.2,,,,,,,
,200,22,22,,,,,,,
,200,23,20.7,,,,,,,
,200,24,19.4,,,,,,,
,201,1,18.1,,,,,,,
,201,2,16.7,,,,,,,
,201,3,15.9,,,,,,,
,201,4,15.1,,,,,,,
,201,5,14.5,,,,,,,
,201,6,14.6,,,,,,,
,201,7,15.6,,,,,,,
,201,8,16.8,,,,,,,
,201,9,18.3,,,,,,,
,201,10,19.8,,,,,,,
,201,11,21.6,,,,,,,
,201,12,21.6,,,,,,,
,201,13,21.5,,,,,,,
,201,14,21.5,,,,,,,
,201,15,21.4,,,,,,,
,201,16,21.2,,,,,,,
,201,17,20.8,,,,,,,
,201,18,20.1,,,,,,,
,201,19,19.3,,,,,,,
,201,20,18.4,,,,,,,
,201,21,17.5,,,,,,,
,201,22,16.9,,,,,,,
,201,23,16.3,,,,,,,
,201,24,15.7,,,,,,,
,202,1,15.9,,,,,,,
,202,2,16.2,,,,,,,
,202,3,16.3,,,,,,,
,202,4,16.4,,,,,,,
,202,5,16.5,,,,,,,
,202,6,16.6,,,,,,,
,202,7,17.9,,,,,,,
,202,8,19.6,,,,,,,
,202,9,21.2,,,,,,,
,202,10,22,,,,,,,
,202,11,23.4,,,,,,,
,202,12,24.6,,,,,,,
,202,13,25.5,,,,,,,
,202,14,26.4,,,,,,,
,202,15,26.5,,,,,,,
,202,16,25.7,,,,,,,
,202,17,25.1,,,,,,,
,202,18,25,,,,,,,
,202,19,24.7,,,,,,,
,202,20,24.1,,,,,,,
,202,21,23.2,,,,,,,
,202,22,22.5,,,,,,,
,202,23,21.8,,,,,,,
,202,24,21.1,,,,,,,
,203,1,20.3,,,,,,,
,203,2,19.6,,,,,,,
,203,3,19.1,,,,,,,
,203,4,18.7,,,,,,,
,203,5,18.4,,,,,,,
,203,6,18.6,,,,,,,
,203,7,19.4,,,,,,,
,203,8,20.7,,,,,,,
,203,9,22.7,,,,,,,
,203,10,24.3,,,,,,,
,203,11,25.2,,,,,,,
,203,12,26,,,,,,,
,203,13,26.2,,,,,,,
,203,14,26.2,,,,,,,
,203,15,25.6,,,,,,,
,203,16,24.5,,,,,,,
,203,17,23.6,,,,,,,
,203,18,22.5,,,,,,,
,203,19,22.2,,,,,,,
,203,20,21.5,,,,,,,
,203,21,20.9,,,,,,,
,203,22,20.4,,,,,,,
,203,23,19.9,,,,,,,
,203,24,19.4,,,,,,,
,204,1,19.1,,,,,,,
,204,2,18.6,,,,,,,
,204,3,18.4,,,,,,,
,204,4,18.1,,,,,,,
,204,5,17.9,,,,,,,
,204,6,17.9,,,,,,,
,204,7,19.6,,,,,,,
,204,8,21.9,,,,,,,
,204,9,24.1,,,,,,,
,204,10,26.4,,,,,,,
,204,11,28.7,,,,,,,
,204,12,29.1,,,,,,,
,204,13,29.3,,,,,,,
,204,14,29.6,,,,,,,
,204,15,29.6,,,,,,,
,204,16,29.5,,,,,,,
,204,17,29.2,,,,,,,
,204,18,28.7,,,,,,,
,204,19,27.6,,,,,,,
,204,20,26.4,,,,,,,
,204,21,25.1,,,,,,,
,204,22,24.2,,,,,,,
,204,23,23.2,,,,,,,
,204,24,22.2,,,,,,,
,205,1,21.8,,,,,,,
,205,2,21.3,,,,,,,
,205,3,21,,,,,,,
,205,4,20.8,,,,,,,
,205,5,20.6,,,,,,,
,205,6,20.7,,,,,,,
,205,7,22.2,,,,,,,
,205,8,24.1,,,,,,,
,205,9,26.1,,,,,,,
,205,10,28.2,,,,,,,
,205,11,30.1,,,,,,,
,205,12,31.8,,,,,,,
,205,13,33.2,,,,,,,
,205,14,34.3,,,,,,,
,205,15,35,,,,,,,
,205,16,35.4,,,,,,,
,205,17,35.4,,,,,,,
,205,18,34.8,,,,,,,
,205,19,33.8,,,,,,,
,205,20,32.5,,,,,,,
,205,21,31,,,,,,,
,205,22,29.4,,,,,,,
,205,23,27.8,,,,,,,
,205,24,26.1,,,,,,,
,206,1,24.7,,,,,,,
,206,2,23.1,,,,,,,
,206,3,22.2,,,,,,,
,206,4,21.4,,,,,,,
,206,5,20.8,,,,,,,
,206,6,20.7,,,,,,,
,206,7,21.9,,,,,,,
,206,8,23.5,,,,,,,
,206,9,25.1,,,,,,,
,206,10,26.8,,,,,,,
,206,11,28.4,,,,,,,
,206,12,29.8,,,,,,,
,206,13,30.9,,,,,,,
,206,14,31.8,,,,,,,
,206,15,32.4,,,,,,,
,206,16,32.6,,,,,,,
,206,17,32.5,,,,,,,
,206,18,32,,,,,,,
,206,19,31.1,,,,,,,
,206,20,29.8,,,,,,,
,206,21,28.4,,,,,,,
,206,22,26.6,,,,,,,
,206,23,24.7,,,,,,,
,206,24,22.8,,,,,,,
,207,1,21.7,,,,,,,
,207,2,20.5,,,,,,,
,207,3,19.8,,,,,,,
,207,4,19.2,,,,,,,
,207,5,18.7,,,,,,,
,207,6,18.7,,,,,,,
,207,7,19.8,,,,,,,
,207,8,21.4,,,,,,,
,207,9,23.1,,,,,,,
,207,10,24.8,,,,,,,
,207,11,26.4,,,,,,,
,207,12,27.8,,,,,,,
,207,13,29,,,,,,,
,207,14,29.9,,,,,,,
,207,15,30.5,,,,,,,
,207,16,30.8,,,,,,,
,207,17,30.7,,,,,,,
,207,18,30.2,,,,,,,
,207,19,29.2,,,,,,,
,207,20,27.9,,,,,,,
,207,21,26.6,,,,,,,
,207,22,24.9,,,,,,,
,207,23,23.3,,,,,,,
,207,24,21.6,,,,,,,
,208,1,20.6,,,,,,,
,208,2,19.4,,,,,,,
,208,3,18.8,,,,,,,
,208,4,18.2,,,,,,,
,208,5,17.8,,,,,,,
,208,6,17.8,,,,,,,
,208,7,18.2,,,,,,,
,208,8,18.7,,,,,,,
,208,9,19.3,,,,,,,
,208,10,20.4,,,,,,,
,208,11,21.5,,,,,,,
,208,12,22.4,,,,,,,
,208,13,23,,,,,,,
,208,14,23.5,,,,,,,
,208,15,24.2,,,,,,,
,208,16,24.8,,,,,,,
,208,17,25.1,,,,,,,
,208,18,25.1,,,,,,,
,208,19,24.8,,,,,,,
,208,20,24.1,,,,,,,
,208,21,23.2,,,,,,,
,208,22,21.8,,,,,,,
,208,23,20.3,,,,,,,
,208,24,18.9,,,,,,,
,209,1,17.9,,,,,,,
,209,2,16.7,,,,,,,
,209,3,16.1,,,,,,,
,209,4,15.6,,,,,,,
,209,5,15.1,,,,,,,
,209,6,15.1,,,,,,,
,209,7,15.5,,,,,,,
,209,8,16.3,,,,,,,
,209,9,17.2,,,,,,,
,209,10,18.3,,,,,,,
,209,11,19.3,,,,,,,
,209,12,20.2,,,,,,,
,209,13,20.9,,,,,,,
,209,14,21.5,,,,,,,
,209,15,21.8,,,,,,,
,209,16,22,,,,,,,
,209,17,21.9,,,,,,,
,209,18,21.6,,,,,,,
,209,19,21,,,,,,,
,209,20,20.2,,,,,,,
,209,21,19.4,,,,,,,
,209,22,18.3,,,,,,,
,209,23,17.3,,,,,,,
,209,24,16.2,,,,,,,
,210,1,15.7,,,,,,,
,210,2,15.1,,,,,,,
,210,3,14.8,,,,,,,
,210,4,14.5,,,,,,,
,210,5,14.3,,,,,,,
,210,6,14.3,,,,,,,
,210,7,15.2,,,,,,,
,210,8,15.7,,,,,,,
,210,9,16.7,,,,,,,
,210,10,17.9,,,,,,,
,210,11,19.1,,,,,,,
,210,12,20.5,,,,,,,
,210,13,21.5,,,,,,,
,210,14,22.8,,,,,,,
,210,15,23.4,,,,,,,
,210,16,23.9,,,,,,,
,210,17,24.4,,,,,,,
,210,18,24.5,,,,,,,
,210,19,24,,,,,,,
,210,20,23.1,,,,,,,
,210,21,22,,,,,,,
,210,22,20.5,,,,,,,
,210,23,18.9,,,,,,,
,210,24,17.3,,,,,,,
,211,1,15.9,,,,,,,
,211,2,14.4,,,,,,,
,211,3,13.6,,,,,,,
,211,4,12.7,,,,,,,
,211,5,12.2,,,,,,,
,211,6,12.1,,,,,,,
,211,7,13,,,,,,,
,211,8,14.4,,,,,,,
,211,9,15.9,,,,,,,
,211,10,17.6,,,,,,,
,211,11,19.1,,,,,,,
,211,12,20.4,,,,,,,
,211,13,21.5,,,,,,,
,211,14,22.2,,,,,,,
,211,15,22.7,,,,,,,
,211,16,22.9,,,,,,,
,211,17,22.8,,,,,,,
,211,18,22.2,,,,,,,
,211,19,21.2,,,,,,,
,211,20,20,,,,,,,
,211,21,18.7,,,,,,,
,211,22,17.6,,,,,,,
,211,23,16.4,,,,,,,
,211,24,15.4,,,,,,,
,212,1,15,,,,,,,
,212,2,14.7,,,,,,,
,212,3,14.5,,,,,,,
,212,4,14.3,,,,,,,
,212,5,14.1,,,,,,,
,212,6,14.1,,,,,,,
,212,7,15.4,,,,,,,
,212,8,17,,,,,,,
,212,9,18.9,,,,,,,
,212,10,20.8,,,,,,,
,212,11,22.6,,,,,,,
,212,12,24.2,,,,,,,
,212,13,25.6,,,,,,,
,212,14,26.7,,,,,,,
,212,15,27.4,,,,,,,
,212,16,27.8,,,,,,,
,212,17,27.9,,,,,,,
,212,18,27.4,,,,,,,
,212,19,26.5,,,,,,,
,212,20,25.2,,,,,,,
,212,21,23.8,,,,,,,
,212,22,22.1,,,,,,,
,212,23,20.5,,,,,,,
,212,24,18.9,,,,,,,
aout,213,1,17.3,,,,,,,
,213,2,15.8,,,,,,,
,213,3,14.3,,,,,,,
,213,4,13.3,,,,,,,
,213,5,12.7,,,,,,,
,213,6,12.6,,,,,,,
,213,7,13.7,,,,,,,
,213,8,15.2,,,,,,,
,213,9,16.9,,,,,,,
,213,10,18.8,,,,,,,
,213,11,20.5,,,,,,,
,213,12,22,,,,,,,
,213,13,23.2,,,,,,,
,213,14,24.1,,,,,,,
,213,15,24.7,,,,,,,
,213,16,24.9,,,,,,,
,213,17,24.8,,,,,,,
,213,18,24.1,,,,,,,
,213,19,23,,,,,,,
,213,20,21.6,,,,,,,
,213,21,20.1,,,,,,,
,213,22,18.7,,,,,,,
,213,23,17.3,,,,,,,
,213,24,15.9,,,,,,,
,214,1,15.4,,,,,,,
,214,2,14.8,,,,,,,
,214,3,14.5,,,,,,,
,214,4,14.1,,,,,,,
,214,5,13.9,,,,,,,
,214,6,13.9,,,,,,,
,214,7,15.2,,,,,,,
,214,8,17.1,,,,,,,
,214,9,19.4,,,,,,,
,214,10,21.8,,,,,,,
,214,11,24,,,,,,,
,214,12,26,,,,,,,
,214,13,27.6,,,,,,,
,214,14,28.9,,,,,,,
,214,15,29.8,,,,,,,
,214,16,30.2,,,,,,,
,214,17,30.2,,,,,,,
,214,18,29.6,,,,,,,
,214,19,28.4,,,,,,,
,214,20,26.8,,,,,,,
,214,21,25.2,,,,,,,
,214,22,23.6,,,,,,,
,214,23,22.1,,,,,,,
,214,24,20.6,,,,,,,
,215,1,19.4,,,,,,,
,215,2,18.1,,,,,,,
,215,3,17.4,,,,,,,
,215,4,16.6,,,,,,,
,215,5,16.1,,,,,,,
,215,6,16,,,,,,,
,215,7,17.2,,,,,,,
,215,8,19.1,,,,,,,
,215,9,21.3,,,,,,,
,215,10,23.6,,,,,,,
,215,11,25.7,,,,,,,
,215,12,26.2,,,,,,,
,215,13,26.4,,,,,,,
,215,14,26.5,,,,,,,
,215,15,26.5,,,,,,,
,215,16,26.4,,,,,,,
,215,17,26,,,,,,,
,215,18,25.2,,,,,,,
,215,19,24.2,,,,,,,
,215,20,23,,,,,,,
,215,21,21.8,,,,,,,
,215,22,20,,,,,,,
,215,23,18.2,,,,,,,
,215,24,16.5,,,,,,,
,216,1,15.5,,,,,,,
,216,2,14.3,,,,,,,
,216,3,13.7,,,,,,,
,216,4,13.1,,,,,,,
,216,5,12.7,,,,,,,
,216,6,12.6,,,,,,,
,216,7,13.6,,,,,,,
,216,8,15,,,,,,,
,216,9,16.6,,,,,,,
,216,10,18.4,,,,,,,
,216,11,20.1,,,,,,,
,216,12,21.6,,,,,,,
,216,13,22.8,,,,,,,
,216,14,23.7,,,,,,,
,216,15,24.3,,,,,,,
,216,16,24.5,,,,,,,
,216,17,24.4,,,,,,,
,216,18,23.8,,,,,,,
,216,19,22.8,,,,,,,
,216,20,21.6,,,,,,,
,216,21,20.2,,,,,,,
,216,22,18.8,,,,,,,
,216,23,17.4,,,,,,,
,216,24,16.1,,,,,,,
,217,1,15.3,,,,,,,
,217,2,14.4,,,,,,,
,217,3,13.9,,,,,,,
,217,4,13.4,,,,,,,
,217,5,13.1,,,,,,,
,217,6,13,,,,,,,
,217,7,14.2,,,,,,,
,217,8,15.9,,,,,,,
,217,9,17.9,,,,,,,
,217,10,19.9,,,,,,,
,217,11,21.8,,,,,,,
,217,12,23.5,,,,,,,
,217,13,25,,,,,,,
,217,14,26.1,,,,,,,
,217,15,26.9,,,,,,,
,217,16,27.3,,,,,,,
,217,17,27.3,,,,,,,
,217,18,26.7,,,,,,,
,217,19,25.6,,,,,,,
,217,20,24.1,,,,,,,
,217,21,22.6,,,,,,,
,217,22,21,,,,,,,
,217,23,19.4,,,,,,,
,217,24,17.8,,,,,,,
,218,1,16.6,,,,,,,
,218,2,15.3,,,,,,,
,218,3,14.7,,,,,,,
,218,4,14,,,,,,,
,218,5,13.5,,,,,,,
,218,6,13.4,,,,,,,
,218,7,14.5,,,,,,,
,218,8,16.2,,,,,,,
,218,9,18.3,,,,,,,
,218,10,20.4,,,,,,,
,218,11,22.5,,,,,,,
,218,12,24.3,,,,,,,
,218,13,25.8,,,,,,,
,218,14,27,,,,,,,
,218,15,27.7,,,,,,,
,218,16,28.1,,,,,,,
,218,17,28,,,,,,,
,218,18,27.3,,,,,,,
,218,19,26.1,,,,,,,
,218,20,24.6,,,,,,,
,218,21,23,,,,,,,
,218,22,21.6,,,,,,,
,218,23,20.3,,,,,,,
,218,24,19,,,,,,,
,219,1,18.3,,,,,,,
,219,2,17.6,,,,,,,
,219,3,17.2,,,,,,,
,219,4,16.8,,,,,,,
,219,5,16.5,,,,,,,
,219,6,16.5,,,,,,,
,219,7,17.5,,,,,,,
,219,8,19.3,,,,,,,
,219,9,21.1,,,,,,,
,219,10,23.1,,,,,,,
,219,11,25.1,,,,,,,
,219,12,26.8,,,,,,,
,219,13,28,,,,,,,
,219,14,28.9,,,,,,,
,219,15,29.4,,,,,,,
,219,16,29.7,,,,,,,
,219,17,29.5,,,,,,,
,219,18,28.7,,,,,,,
,219,19,27.6,,,,,,,
,219,20,26.3,,,,,,,
,219,21,24.9,,,,,,,
,219,22,23.7,,,,,,,
,219,23,22.5,,,,,,,
,219,24,21.2,,,,,,,
,220,1,20.4,,,,,,,
,220,2,19.4,,,,,,,
,220,3,18.9,,,,,,,
,220,4,18.4,,,,,,,
,220,5,18,,,,,,,
,220,6,17.9,,,,,,,
,220,7,19,,,,,,,
,220,8,20.6,,,,,,,
,220,9,22.6,,,,,,,
,220,10,24.3,,,,,,,
,220,11,26.1,,,,,,,
,220,12,27.5,,,,,,,
,220,13,28.6,,,,,,,
,220,14,29.5,,,,,,,
,220,15,30.1,,,,,,,
,220,16,30.3,,,,,,,
,220,17,30.1,,,,,,,
,220,18,29.5,,,,,,,
,220,19,28.4,,,,,,,
,220,20,27.1,,,,,,,
,220,21,25.8,,,,,,,
,220,22,24.6,,,,,,,
,220,23,23.4,,,,,,,
,220,24,22.2,,,,,,,
,221,1,21.5,,,,,,,
,221,2,20.8,,,,,,,
,221,3,20.4,,,,,,,
,221,4,20,,,,,,,
,221,5,19.7,,,,,,,
,221,6,19.6,,,,,,,
,221,7,20.6,,,,,,,
,221,8,21.7,,,,,,,
,221,9,23,,,,,,,
,221,10,24.6,,,,,,,
,221,11,25.7,,,,,,,
,221,12,26.6,,,,,,,
,221,13,27.3,,,,,,,
,221,14,27.7,,,,,,,
,221,15,27.8,,,,,,,
,221,16,27.6,,,,,,,
,221,17,27.2,,,,,,,
,221,18,26.4,,,,,,,
,221,19,25.3,,,,,,,
,221,20,24.7,,,,,,,
,221,21,23.9,,,,,,,
,221,22,23.1,,,,,,,
,221,23,22.4,,,,,,,
,221,24,21.7,,,,,,,
,222,1,21.3,,,,,,,
,222,2,20.8,,,,,,,
,222,3,20.5,,,,,,,
,222,4,20.1,,,,,,,
,222,5,19.8,,,,,,,
,222,6,19.7,,,,,,,
,222,7,21,,,,,,,
,222,8,23.2,,,,,,,
,222,9,25.8,,,,,,,
,222,10,28.4,,,,,,,
,222,11,30.8,,,,,,,
,222,12,31.3,,,,,,,
,222,13,31.8,,,,,,,
,222,14,32.1,,,,,,,
,222,15,32.1,,,,,,,
,222,16,32,,,,,,,
,222,17,31.4,,,,,,,
,222,18,30.5,,,,,,,
,222,19,29.2,,,,,,,
,222,20,27.7,,,,,,,
,222,21,26.3,,,,,,,
,222,22,25.6,,,,,,,
,222,23,24.9,,,,,,,
,222,24,24.3,,,,,,,
,223,1,24.4,,,,,,,
,223,2,23.4,,,,,,,
,223,3,24.6,,,,,,,
,223,4,25.1,,,,,,,
,223,5,25.2,,,,,,,
,223,6,24.6,,,,,,,
,223,7,25,,,,,,,
,223,8,25.9,,,,,,,
,223,9,26.6,,,,,,,
,223,10,27.5,,,,,,,
,223,11,28.5,,,,,,,
,223,12,29.1,,,,,,,
,223,13,29.5,,,,,,,
,223,14,29.8,,,,,,,
,223,15,30,,,,,,,
,223,16,30.1,,,,,,,
,223,17,30,,,,,,,
,223,18,29.7,,,,,,,
,223,19,29.5,,,,,,,
,223,20,29.2,,,,,,,
,223,21,28.8,,,,,,,
,223,22,27.8,,,,,,,
,223,23,27,,,,,,,
,223,24,26.2,,,,,,,
,224,1,24.4,,,,,,,
,224,2,22.4,,,,,,,
,224,3,21.4,,,,,,,
,224,4,20.3,,,,,,,
,224,5,19.6,,,,,,,
,224,6,19.5,,,,,,,
,224,7,20.1,,,,,,,
,224,8,21.4,,,,,,,
,224,9,22.9,,,,,,,
,224,10,24.4,,,,,,,
,224,11,26,,,,,,,
,224,12,27.3,,,,,,,
,224,13,28.5,,,,,,,
,224,14,29.5,,,,,,,
,224,15,30.1,,,,,,,
,224,16,30.3,,,,,,,
,224,17,30.2,,,,,,,
,224,18,29.6,,,,,,,
,224,19,28.5,,,,,,,
,224,20,27.2,,,,,,,
,224,21,25.9,,,,,,,
,224,22,24.2,,,,,,,
,224,23,22.4,,,,,,,
,224,24,20.6,,,,,,,
,225,1,19.6,,,,,,,
,225,2,18.5,,,,,,,
,225,3,17.9,,,,,,,
,225,4,17.3,,,,,,,
,225,5,16.9,,,,,,,
,225,6,16.8,,,,,,,
,225,7,17.6,,,,,,,
,225,8,19.1,,,,,,,
,225,9,20.7,,,,,,,
,225,10,22.6,,,,,,,
,225,11,24.2,,,,,,,
,225,12,25.7,,,,,,,
,225,13,27,,,,,,,
,225,14,27.9,,,,,,,
,225,15,28.7,,,,,,,
,225,16,29,,,,,,,
,225,17,28.9,,,,,,,
,225,18,28.4,,,,,,,
,225,19,27.4,,,,,,,
,225,20,26.2,,,,,,,
,225,21,24.9,,,,,,,
,225,22,23,,,,,,,
,225,23,21.1,,,,,,,
,225,24,19.2,,,,,,,
,226,1,17.8,,,,,,,
,226,2,16.2,,,,,,,
,226,3,15.4,,,,,,,
,226,4,14.6,,,,,,,
,226,5,14,,,,,,,
,226,6,13.9,,,,,,,
,226,7,14.6,,,,,,,
,226,8,15.9,,,,,,,
,226,9,17.6,,,,,,,
,226,10,19.3,,,,,,,
,226,11,21,,,,,,,
,226,12,22.5,,,,,,,
,226,13,23.7,,,,,,,
,226,14,24.6,,,,,,,
,226,15,25.2,,,,,,,
,226,16,25.4,,,,,,,
,226,17,25.3,,,,,,,
,226,18,24.6,,,,,,,
,226,19,23.5,,,,,,,
,226,20,22.2,,,,,,,
,226,21,20.9,,,,,,,
,226,22,19.5,,,,,,,
,226,23,18.1,,,,,,,
,226,24,16.7,,,,,,,
,227,1,16,,,,,,,
,227,2,15.3,,,,,,,
,227,3,14.9,,,,,,,
,227,4,14.4,,,,,,,
,227,5,14.1,,,,,,,
,227,6,14.1,,,,,,,
,227,7,14.8,,,,,,,
,227,8,16.2,,,,,,,
,227,9,18,,,,,,,
,227,10,19.8,,,,,,,
,227,11,21.7,,,,,,,
,227,12,23.3,,,,,,,
,227,13,24.7,,,,,,,
,227,14,25.7,,,,,,,
,227,15,26.3,,,,,,,
,227,16,26.6,,,,,,,
,227,17,26.6,,,,,,,
,227,18,26,,,,,,,
,227,19,24.9,,,,,,,
,227,20,23.5,,,,,,,
,227,21,22.8,,,,,,,
,227,22,22,,,,,,,
,227,23,21.3,,,,,,,
,227,24,20.6,,,,,,,
,228,1,20.3,,,,,,,
,228,2,20,,,,,,,
,228,3,19.9,,,,,,,
,228,4,19.8,,,,,,,
,228,5,19.7,,,,,,,
,228,6,19.8,,,,,,,
,228,7,19.2,,,,,,,
,228,8,20.1,,,,,,,
,228,9,20.9,,,,,,,
,228,10,21.1,,,,,,,
,228,11,22.1,,,,,,,
,228,12,23.1,,,,,,,
,228,13,23.9,,,,,,,
,228,14,24.6,,,,,,,
,228,15,25.4,,,,,,,
,228,16,26.1,,,,,,,
,228,17,26.3,,,,,,,
,228,18,26.2,,,,,,,
,228,19,25.9,,,,,,,
,228,20,25.1,,,,,,,
,228,21,24,,,,,,,
,228,22,22.7,,,,,,,
,228,23,21.5,,,,,,,
,228,24,20.3,,,,,,,
,229,1,18.9,,,,,,,
,229,2,17.4,,,,,,,
,229,3,16.6,,,,,,,
,229,4,15.9,,,,,,,
,229,5,15.3,,,,,,,
,229,6,15.2,,,,,,,
,229,7,15.6,,,,,,,
,229,8,16.5,,,,,,,
,229,9,17.8,,,,,,,
,229,10,19.5,,,,,,,
,229,11,20.9,,,,,,,
,229,12,22.4,,,,,,,
,229,13,23.6,,,,,,,
,229,14,24.3,,,,,,,
,229,15,24.7,,,,,,,
,229,16,24.8,,,,,,,
,229,17,24.6,,,,,,,
,229,18,24,,,,,,,
,229,19,23,,,,,,,
,229,20,21.9,,,,,,,
,229,21,20.6,,,,,,,
,229,22,19.3,,,,,,,
,229,23,18.1,,,,,,,
,229,24,16.8,,,,,,,
,230,1,16.1,,,,,,,
,230,2,15.4,,,,,,,
,230,3,15,,,,,,,
,230,4,14.6,,,,,,,
,230,5,14.4,,,,,,,
,230,6,14.3,,,,,,,
,230,7,14.7,,,,,,,
,230,8,15.5,,,,,,,
,230,9,16.4,,,,,,,
,230,10,17.4,,,,,,,
,230,11,18.4,,,,,,,
,230,12,19.5,,,,,,,
,230,13,20.4,,,,,,,
,230,14,21.1,,,,,,,
,230,15,21.7,,,,,,,
,230,16,22.1,,,,,,,
,230,17,22.2,,,,,,,
,230,18,22.3,,,,,,,
,230,19,21.9,,,,,,,
,230,20,21,,,,,,,
,230,21,20.2,,,,,,,
,230,22,19.4,,,,,,,
,230,23,18.5,,,,,,,
,230,24,17.7,,,,,,,
,231,1,17.2,,,,,,,
,231,2,16.7,,,,,,,
,231,3,16.4,,,,,,,
,231,4,16.1,,,,,,,
,231,5,15.9,,,,,,,
,231,6,15.9,,,,,,,
,231,7,16.2,,,,,,,
,231,8,17,,,,,,,
,231,9,17.9,,,,,,,
,231,10,18.8,,,,,,,
,231,11,19.7,,,,,,,
,231,12,20.6,,,,,,,
,231,13,21.4,,,,,,,
,231,14,21.8,,,,,,,
,231,15,22.1,,,,,,,
,231,16,22.3,,,,,,,
,231,17,22.2,,,,,,,
,231,18,22,,,,,,,
,231,19,21.3,,,,,,,
,231,20,20.4,,,,,,,
,231,21,20,,,,,,,
,231,22,19.4,,,,,,,
,231,23,18.7,,,,,,,
,231,24,17.7,,,,,,,
,232,1,17.7,,,,,,,
,232,2,17.3,,,,,,,
,232,3,17.1,,,,,,,
,232,4,16.9,,,,,,,
,232,5,16.8,,,,,,,
,232,6,16.8,,,,,,,
,232,7,17.3,,,,,,,
,232,8,17.7,,,,,,,
,232,9,19.2,,,,,,,
,232,10,20.5,,,,,,,
,232,11,21.5,,,,,,,
,232,12,22.3,,,,,,,
,232,13,23.3,,,,,,,
,232,14,23.5,,,,,,,
,232,15,24.4,,,,,,,
,232,16,25.3,,,,,,,
,232,17,25.8,,,,,,,
,232,18,26.1,,,,,,,
,232,19,25.7,,,,,,,
,232,20,24.7,,,,,,,
,232,21,23.6,,,,,,,
,232,22,22.6,,,,,,,
,232,23,21.5,,,,,,,
,232,24,20.4,,,,,,,
,233,1,19.4,,,,,,,
,233,2,18.2,,,,,,,
,233,3,17.6,,,,,,,
,233,4,17,,,,,,,
,233,5,16.6,,,,,,,
,233,6,16.5,,,,,,,
,233,7,17.1,,,,,,,
,233,8,18.3,,,,,,,
,233,9,20,,,,,,,
,233,10,21.6,,,,,,,
,233,11,23.1,,,,,,,
,233,12,24.4,,,,,,,
,233,13,25.5,,,,,,,
,233,14,26.5,,,,,,,
,233,15,27.1,,,,,,,
,233,16,27.3,,,,,,,
,233,17,27.2,,,,,,,
,233,18,26.7,,,,,,,
,233,19,25.8,,,,,,,
,233,20,24.6,,,,,,,
,233,21,23.2,,,,,,,
,233,22,21.8,,,,,,,
,233,23,20.4,,,,,,,
,233,24,19,,,,,,,
,234,1,18.2,,,,,,,
,234,2,17.4,,,,,,,
,234,3,16.5,,,,,,,
,234,4,16.1,,,,,,,
,234,5,15.7,,,,,,,
,234,6,15.4,,,,,,,
,234,7,15.6,,,,,,,
,234,8,16.3,,,,,,,
,234,9,17,,,,,,,
,234,10,17.7,,,,,,,
,234,11,18.4,,,,,,,
,234,12,19.2,,,,,,,
,234,13,19.9,,,,,,,
,234,14,20.5,,,,,,,
,234,15,20.9,,,,,,,
,234,16,21,,,,,,,
,234,17,20.5,,,,,,,
,234,18,20.3,,,,,,,
,234,19,19.8,,,,,,,
,234,20,19,,,,,,,
,234,21,18.3,,,,,,,
,234,22,16.9,,,,,,,
,234,23,16.7,,,,,,,
,234,24,15.9,,,,,,,
,235,1,15.5,,,,,,,
,235,2,15,,,,,,,
,235,3,14.5,,,,,,,
,235,4,14.2,,,,,,,
,235,5,14,,,,,,,
,235,6,13.8,,,,,,,
,235,7,14.3,,,,,,,
,235,8,15.6,,,,,,,
,235,9,16.7,,,,,,,
,235,10,18.3,,,,,,,
,235,11,19.9,,,,,,,
,235,12,21.7,,,,,,,
,235,13,23.4,,,,,,,
,235,14,24.6,,,,,,,
,235,15,25.3,,,,,,,
,235,16,25.4,,,,,,,
,235,17,25.2,,,,,,,
,235,18,24.6,,,,,,,
,235,19,23.5,,,,,,,
,235,20,22.2,,,,,,,
,235,21,21,,,,,,,
,235,22,19.9,,,,,,,
,235,23,18.7,,,,,,,
,235,24,17.6,,,,,,,
,236,1,16.5,,,,,,,
,236,2,15.4,,,,,,,
,236,3,14.3,,,,,,,
,236,4,13.7,,,,,,,
,236,5,13.1,,,,,,,
,236,6,12.7,,,,,,,
,236,7,13,,,,,,,
,236,8,14,,,,,,,
,236,9,16.1,,,,,,,
,236,10,17.9,,,,,,,
,236,11,19.3,,,,,,,
,236,12,20,,,,,,,
,236,13,20.7,,,,,,,
,236,14,21,,,,,,,
,236,15,21.2,,,,,,,
,236,16,20.9,,,,,,,
,236,17,20.5,,,,,,,
,236,18,19.8,,,,,,,
,236,19,18.7,,,,,,,
,236,20,17.6,,,,,,,
,236,21,16.8,,,,,,,
,236,22,15.9,,,,,,,
,236,23,15.1,,,,,,,
,236,24,14.3,,,,,,,
,237,1,13.9,,,,,,,
,237,2,13.5,,,,,,,
,237,3,13.1,,,,,,,
,237,4,12.9,,,,,,,
,237,5,12.7,,,,,,,
,237,6,12.6,,,,,,,
,237,7,12.9,,,,,,,
,237,8,14.1,,,,,,,
,237,9,15.2,,,,,,,
,237,10,16.7,,,,,,,
,237,11,18.3,,,,,,,
,237,12,20,,,,,,,
,237,13,21.3,,,,,,,
,237,14,22.3,,,,,,,
,237,15,22.8,,,,,,,
,237,16,23,,,,,,,
,237,17,22.8,,,,,,,
,237,18,22.1,,,,,,,
,237,19,21.2,,,,,,,
,237,20,20,,,,,,,
,237,21,19.1,,,,,,,
,237,22,18.1,,,,,,,
,237,23,17.1,,,,,,,
,237,24,16.1,,,,,,,
,238,1,15.2,,,,,,,
,238,2,14.2,,,,,,,
,238,3,13.2,,,,,,,
,238,4,12.7,,,,,,,
,238,5,12.2,,,,,,,
,238,6,11.8,,,,,,,
,238,7,12.1,,,,,,,
,238,8,13.8,,,,,,,
,238,9,15.7,,,,,,,
,238,10,17.4,,,,,,,
,238,11,19,,,,,,,
,238,12,20.3,,,,,,,
,238,13,21.3,,,,,,,
,238,14,22.2,,,,,,,
,238,15,22.7,,,,,,,
,238,16,22.7,,,,,,,
,238,17,22.4,,,,,,,
,238,18,21.5,,,,,,,
,238,19,20.3,,,,,,,
,238,20,18.9,,,,,,,
,238,21,18,,,,,,,
,238,22,17.2,,,,,,,
,238,23,16.3,,,,,,,
,238,24,15.5,,,,,,,
,239,1,15,,,,,,,
,239,2,14.6,,,,,,,
,239,3,14.1,,,,,,,
,239,4,13.9,,,,,,,
,239,5,13.7,,,,,,,
,239,6,13.5,,,,,,,
,239,7,13.7,,,,,,,
,239,8,14,,,,,,,
,239,9,13.9,,,,,,,
,239,10,14.2,,,,,,,
,239,11,14.9,,,,,,,
,239,12,15.7,,,,,,,
,239,13,15.8,,,,,,,
,239,14,17.4,,,,,,,
,239,15,18.2,,,,,,,
,239,16,18.5,,,,,,,
,239,17,18.5,,,,,,,
,239,18,18.2,,,,,,,
,239,19,17.8,,,,,,,
,239,20,17.2,,,,,,,
,239,21,16.7,,,,,,,
,239,22,16,,,,,,,
,239,23,15.7,,,,,,,
,239,24,15.1,,,,,,,
,240,1,14.8,,,,,,,
,240,2,14.3,,,,,,,
,240,3,13.8,,,,,,,
,240,4,13.1,,,,,,,
,240,5,13.1,,,,,,,
,240,6,13,,,,,,,
,240,7,13.5,,,,,,,
,240,8,15.8,,,,,,,
,240,9,16.2,,,,,,,
,240,10,15.9,,,,,,,
,240,11,16.6,,,,,,,
,240,12,17.1,,,,,,,
,240,13,17.9,,,,,,,
,240,14,19.3,,,,,,,
,240,15,19.6,,,,,,,
,240,16,20.1,,,,,,,
,240,17,20.2,,,,,,,
,240,18,19.9,,,,,,,
,240,19,19.2,,,,,,,
,240,20,18.3,,,,,,,
,240,21,17.7,,,,,,,
,240,22,17.1,,,,,,,
,240,23,16.5,,,,,,,
,240,24,16,,,,,,,
,241,1,15.6,,,,,,,
,241,2,15.2,,,,,,,
,241,3,14.8,,,,,,,
,241,4,14.6,,,,,,,
,241,5,14.3,,,,,,,
,241,6,14.2,,,,,,,
,241,7,14.4,,,,,,,
,241,8,15.6,,,,,,,
,241,9,16.9,,,,,,,
,241,10,18,,,,,,,
,241,11,19.1,,,,,,,
,241,12,19.9,,,,,,,
,241,13,20.7,,,,,,,
,241,14,21.3,,,,,,,
,241,15,21.6,,,,,,,
,241,16,21.6,,,,,,,
,241,17,21.4,,,,,,,
,241,18,20.8,,,,,,,
,241,19,19.7,,,,,,,
,241,20,19.2,,,,,,,
,241,21,18.4,,,,,,,
,241,22,17.6,,,,,,,
,241,23,16.7,,,,,,,
,241,24,16,,,,,,,
,242,1,15.3,,,,,,,
,242,2,14.6,,,,,,,
,242,3,13.9,,,,,,,
,242,4,13.5,,,,,,,
,242,5,13.1,,,,,,,
,242,6,12.8,,,,,,,
,242,7,13,,,,,,,
,242,8,14.1,,,,,,,
,242,9,15.3,,,,,,,
,242,10,16.5,,,,,,,
,242,11,17.6,,,,,,,
,242,12,18.5,,,,,,,
,242,13,19.1,,,,,,,
,242,14,19.5,,,,,,,
,242,15,19.8,,,,,,,
,242,16,19.8,,,,,,,
,242,17,19.5,,,,,,,
,242,18,19.2,,,,,,,
,242,19,18.4,,,,,,,
,242,20,17.5,,,,,,,
,242,21,16.5,,,,,,,
,242,22,15.6,,,,,,,
,242,23,14.7,,,,,,,
,242,24,13.7,,,,,,,
,243,1,13.1,,,,,,,
,243,2,12.3,,,,,,,
,243,3,11.6,,,,,,,
,243,4,11.2,,,,,,,
,243,5,10.9,,,,,,,
,243,6,10.6,,,,,,,
,243,7,10.8,,,,,,,
,243,8,11.9,,,,,,,
,243,9,13.2,,,,,,,
,243,10,14.9,,,,,,,
,243,11,16.6,,,,,,,
,243,12,18.3,,,,,,,
,243,13,19.6,,,,,,,
,243,14,20.2,,,,,,,
,243,15,20.5,,,,,,,
,243,16,20.4,,,,,,,
,243,17,19.9,,,,,,,
,243,18,19.2,,,,,,,
,243,19,18.2,,,,,,,
,243,20,17,,,,,,,
,243,21,15.9,,,,,,,
,243,22,14.8,,,,,,,
,243,23,13.7,,,,,,,
,243,24,12.6,,,,,,,
septembre,244,1,11.7,,,,,,,
,244,2,10.7,,,,,,,
,244,3,9.7,,,,,,,
,244,4,9.1,,,,,,,
,244,5,8.6,,,,,,,
,244,6,8.2,,,,,,,
,244,7,8.5,,,,,,,
,244,8,11,,,,,,,
,244,9,13.7,,,,,,,
,244,10,16.3,,,,,,,
,244,11,18.8,,,,,,,
,244,12,21,,,,,,,
,244,13,22.8,,,,,,,
,244,14,24,,,,,,,
,244,15,24.7,,,,,,,
,244,16,24.9,,,,,,,
,244,17,24.5,,,,,,,
,244,18,23.4,,,,,,,
,244,19,21.6,,,,,,,
,244,20,19.6,,,,,,,
,244,21,18.4,,,,,,,
,244,22,17.2,,,,,,,
,244,23,16,,,,,,,
,244,24,14.9,,,,,,,
,245,1,14.1,,,,,,,
,245,2,13.3,,,,,,,
,245,3,12.5,,,,,,,
,245,4,12.1,,,,,,,
,245,5,11.6,,,,,,,
,245,6,11.3,,,,,,,
,245,7,11.4,,,,,,,
,245,8,12.3,,,,,,,
,245,9,13.4,,,,,,,
,245,10,14.4,,,,,,,
,245,11,15.7,,,,,,,
,245,12,16.5,,,,,,,
,245,13,17.1,,,,,,,
,245,14,17.5,,,,,,,
,245,15,17.9,,,,,,,
,245,16,17.9,,,,,,,
,245,17,17.7,,,,,,,
,245,18,17.2,,,,,,,
,245,19,16.4,,,,,,,
,245,20,15.6,,,,,,,
,245,21,14.7,,,,,,,
,245,22,13.8,,,,,,,
,245,23,12.9,,,,,,,
,245,24,12,,,,,,,
,246,1,11.3,,,,,,,
,246,2,10.6,,,,,,,
,246,3,9.9,,,,,,,
,246,4,9.6,,,,,,,
,246,5,9.2,,,,,,,
,246,6,8.9,,,,,,,
,246,7,9.2,,,,,,,
,246,8,11.4,,,,,,,
,246,9,13.8,,,,,,,
,246,10,16.2,,,,,,,
,246,11,18.6,,,,,,,
,246,12,20.6,,,,,,,
,246,13,22.1,,,,,,,
,246,14,23.2,,,,,,,
,246,15,23.9,,,,,,,
,246,16,24.1,,,,,,,
,246,17,23.7,,,,,,,
,246,18,22.6,,,,,,,
,246,19,21,,,,,,,
,246,20,19.3,,,,,,,
,246,21,17.9,,,,,,,
,246,22,16.5,,,,,,,
,246,23,15.1,,,,,,,
,246,24,13.8,,,,,,,
,247,1,12.7,,,,,,,
,247,2,11.4,,,,,,,
,247,3,10.2,,,,,,,
,247,4,9.5,,,,,,,
,247,5,8.8,,,,,,,
,247,6,8.3,,,,,,,
,247,7,8.5,,,,,,,
,247,8,10.2,,,,,,,
,247,9,12.3,,,,,,,
,247,10,14.3,,,,,,,
,247,11,16.1,,,,,,,
,247,12,17.8,,,,,,,
,247,13,19.3,,,,,,,
,247,14,20.3,,,,,,,
,247,15,21,,,,,,,
,247,16,21.2,,,,,,,
,247,17,20.9,,,,,,,
,247,18,20,,,,,,,
,247,19,18.5,,,,,,,
,247,20,16.8,,,,,,,
,247,21,16,,,,,,,
,247,22,15.1,,,,,,,
,247,23,14.2,,,,,,,
,247,24,13.3,,,,,,,
,248,1,12.9,,,,,,,
,248,2,12.5,,,,,,,
,248,3,12.1,,,,,,,
,248,4,11.9,,,,,,,
,248,5,11.6,,,,,,,
,248,6,11.5,,,,,,,
,248,7,11.6,,,,,,,
,248,8,12.7,,,,,,,
,248,9,14.1,,,,,,,
,248,10,15.5,,,,,,,
,248,11,16.9,,,,,,,
,248,12,18,,,,,,,
,248,13,18.8,,,,,,,
,248,14,19.4,,,,,,,
,248,15,19.6,,,,,,,
,248,16,19.6,,,,,,,
,248,17,19.3,,,,,,,
,248,18,18.6,,,,,,,
,248,19,17.7,,,,,,,
,248,20,16.8,,,,,,,
,248,21,16.3,,,,,,,
,248,22,15.8,,,,,,,
,248,23,15.3,,,,,,,
,248,24,14.8,,,,,,,
,249,1,14.5,,,,,,,
,249,2,14.2,,,,,,,
,249,3,13.9,,,,,,,
,249,4,13.7,,,,,,,
,249,5,13.6,,,,,,,
,249,6,13.5,,,,,,,
,249,7,13.6,,,,,,,
,249,8,13.9,,,,,,,
,249,9,14.1,,,,,,,
,249,10,14.3,,,,,,,
,249,11,16.1,,,,,,,
,249,12,17.9,,,,,,,
,249,13,19.1,,,,,,,
,249,14,20.4,,,,,,,
,249,15,21.1,,,,,,,
,249,16,21.7,,,,,,,
,249,17,21.9,,,,,,,
,249,18,21.3,,,,,,,
,249,19,20.6,,,,,,,
,249,20,19.7,,,,,,,
,249,21,19.4,,,,,,,
,249,22,19.1,,,,,,,
,249,23,18.8,,,,,,,
,249,24,18.5,,,,,,,
,250,1,18.1,,,,,,,
,250,2,17.7,,,,,,,
,250,3,17.4,,,,,,,
,250,4,17.2,,,,,,,
,250,5,17,,,,,,,
,250,6,16.8,,,,,,,
,250,7,16.9,,,,,,,
,250,8,19.7,,,,,,,
,250,9,22.4,,,,,,,
,250,10,22.7,,,,,,,
,250,11,21.8,,,,,,,
,250,12,21.3,,,,,,,
,250,13,20.9,,,,,,,
,250,14,21.9,,,,,,,
,250,15,22.6,,,,,,,
,250,16,24.1,,,,,,,
,250,17,24.9,,,,,,,
,250,18,24.7,,,,,,,
,250,19,24,,,,,,,
,250,20,23.1,,,,,,,
,250,21,22.1,,,,,,,
,250,22,21.1,,,,,,,
,250,23,20.1,,,,,,,
,250,24,19.1,,,,,,,
,251,1,18.2,,,,,,,
,251,2,17.3,,,,,,,
,251,3,16.3,,,,,,,
,251,4,15.9,,,,,,,
,251,5,15.4,,,,,,,
,251,6,15.1,,,,,,,
,251,7,15.2,,,,,,,
,251,8,17,,,,,,,
,251,9,19.3,,,,,,,
,251,10,21.6,,,,,,,
,251,11,23.8,,,,,,,
,251,12,25.8,,,,,,,
,251,13,27.4,,,,,,,
,251,14,28.6,,,,,,,
,251,15,29.3,,,,,,,
,251,16,29.5,,,,,,,
,251,17,29.2,,,,,,,
,251,18,28.1,,,,,,,
,251,19,26.6,,,,,,,
,251,20,25,,,,,,,
,251,21,23.1,,,,,,,
,251,22,21.2,,,,,,,
,251,23,19.3,,,,,,,
,251,24,17.4,,,,,,,
,252,1,15.7,,,,,,,
,252,2,13.9,,,,,,,
,252,3,12.1,,,,,,,
,252,4,11.1,,,,,,,
,252,5,10.1,,,,,,,
,252,6,9.4,,,,,,,
,252,7,9.4,,,,,,,
,252,8,10.6,,,,,,,
,252,9,12.2,,,,,,,
,252,10,13.6,,,,,,,
,252,11,15.4,,,,,,,
,252,12,17.1,,,,,,,
,252,13,18.4,,,,,,,
,252,14,19,,,,,,,
,252,15,19.2,,,,,,,
,252,16,19.2,,,,,,,
,252,17,18.8,,,,,,,
,252,18,17.9,,,,,,,
,252,19,16.6,,,,,,,
,252,20,15.3,,,,,,,
,252,21,14.1,,,,,,,
,252,22,13,,,,,,,
,252,23,11.8,,,,,,,
,252,24,10.6,,,,,,,
,253,1,10.1,,,,,,,
,253,2,9.6,,,,,,,
,253,3,9.1,,,,,,,
,253,4,8.8,,,,,,,
,253,5,8.5,,,,,,,
,253,6,8.3,,,,,,,
,253,7,8.3,,,,,,,
,253,8,9.7,,,,,,,
,253,9,11.6,,,,,,,
,253,10,13.9,,,,,,,
,253,11,15.9,,,,,,,
,253,12,17.5,,,,,,,
,253,13,18.6,,,,,,,
,253,14,19.2,,,,,,,
,253,15,19.8,,,,,,,
,253,16,19.9,,,,,,,
,253,17,19.7,,,,,,,
,253,18,18.8,,,,,,,
,253,19,17.5,,,,,,,
,253,20,16.1,,,,,,,
,253,21,15.3,,,,,,,
,253,22,14.5,,,,,,,
,253,23,13.7,,,,,,,
,253,24,12.9,,,,,,,
,254,1,12.3,,,,,,,
,254,2,11.7,,,,,,,
,254,3,11,,,,,,,
,254,4,10.7,,,,,,,
,254,5,10.3,,,,,,,
,254,6,10.1,,,,,,,
,254,7,10.1,,,,,,,
,254,8,10.9,,,,,,,
,254,9,11.9,,,,,,,
,254,10,13,,,,,,,
,254,11,14.1,,,,,,,
,254,12,14.9,,,,,,,
,254,13,15.6,,,,,,,
,254,14,16,,,,,,,
,254,15,16.1,,,,,,,
,254,16,15.6,,,,,,,
,254,17,15.7,,,,,,,
,254,18,15.1,,,,,,,
,254,19,14.6,,,,,,,
,254,20,13.9,,,,,,,
,254,21,13,,,,,,,
,254,22,12.1,,,,,,,
,254,23,11.1,,,,,,,
,254,24,10.2,,,,,,,
,255,1,9.5,,,,,,,
,255,2,8.6,,,,,,,
,255,3,7.8,,,,,,,
,255,4,7.4,,,,,,,
,255,5,6.9,,,,,,,
,255,6,6.6,,,,,,,
,255,7,6.6,,,,,,,
,255,8,8.3,,,,,,,
,255,9,10.4,,,,,,,
,255,10,12.4,,,,,,,
,255,11,14.3,,,,,,,
,255,12,16,,,,,,,
,255,13,17.3,,,,,,,
,255,14,18.1,,,,,,,
,255,15,18.5,,,,,,,
,255,16,18.5,,,,,,,
,255,17,17.9,,,,,,,
,255,18,16.8,,,,,,,
,255,19,15.5,,,,,,,
,255,20,14,,,,,,,
,255,21,13,,,,,,,
,255,22,11.9,,,,,,,
,255,23,10.9,,,,,,,
,255,24,9.8,,,,,,,
,256,1,9.1,,,,,,,
,256,2,8.4,,,,,,,
,256,3,7.6,,,,,,,
,256,4,7.3,,,,,,,
,256,5,6.9,,,,,,,
,256,6,6.6,,,,,,,
,256,7,6.6,,,,,,,
,256,8,8.6,,,,,,,
,256,9,11,,,,,,,
,256,10,13.5,,,,,,,
,256,11,15.7,,,,,,,
,256,12,17.7,,,,,,,
,256,13,19.3,,,,,,,
,256,14,20.5,,,,,,,
,256,15,21.1,,,,,,,
,256,16,21.3,,,,,,,
,256,17,20.8,,,,,,,
,256,18,19.7,,,,,,,
,256,19,18,,,,,,,
,256,20,16.3,,,,,,,
,256,21,15.1,,,,,,,
,256,22,13.9,,,,,,,
,256,23,12.7,,,,,,,
,256,24,11.5,,,,,,,
,257,1,10.6,,,,,,,
,257,2,9.6,,,,,,,
,257,3,8.6,,,,,,,
,257,4,8,,,,,,,
,257,5,7.5,,,,,,,
,257,6,7.1,,,,,,,
,257,7,7.1,,,,,,,
,257,8,9,,,,,,,
,257,9,11,,,,,,,
,257,10,13.1,,,,,,,
,257,11,14.9,,,,,,,
,257,12,16.5,,,,,,,
,257,13,18,,,,,,,
,257,14,19,,,,,,,
,257,15,19.5,,,,,,,
,257,16,19.7,,,,,,,
,257,17,19.3,,,,,,,
,257,18,18.2,,,,,,,
,257,19,16.7,,,,,,,
,257,20,15.2,,,,,,,
,257,21,14.3,,,,,,,
,257,22,13.4,,,,,,,
,257,23,12.5,,,,,,,
,257,24,11.6,,,,,,,
,258,1,11,,début période 1,,,,,
,258,2,10.3,,,,,,,
,258,3,9.7,,,,,,,
,258,4,9.4,,,,,,,
,258,5,9.1,,,,,,,
,258,6,8.8,,,,,,,
,258,7,8.8,,,,,,,
,258,8,10.8,,,,,,,
,258,9,13.3,,,,,,,
,258,10,15.8,,,,,,,
,258,11,18.2,,,,,,,
,258,12,20.2,,,,,,,
,258,13,21.9,,,,,,,
,258,14,23.1,,,,,,,
,258,15,23.8,,,,,,,
,258,16,24,,,,,,,
,258,17,23.5,,,,,,,
,258,18,22.3,,,,,,,
,258,19,20.4,,,,,,,
,258,20,19.5,,,,,,,
,258,21,18.6,,,,,,,
,258,22,17.7,,,,,,,
,258,23,16.9,,,,,,,
,258,24,16,,,,,,,
,259,1,15.4,,,,,,,
,259,2,14.7,,,,,,,
,259,3,14.1,,,,,,,
,259,4,13.7,,,,,,,
,259,5,13.4,,,,,,,
,259,6,13.1,,,,,,,
,259,7,13.1,,,,,,,
,259,8,13.3,,,,,,,
,259,9,13.6,,,,,,,
,259,10,14.2,,,,,,,
,259,11,14.6,,,,,,,
,259,12,16.1,,,,,,,
,259,13,16.3,,,,,,,
,259,14,16.7,,,,,,,
,259,15,17.3,,,,,,,
,259,16,17.5,,,,,,,
,259,17,17.5,,,,,,,
,259,18,17.2,,,,,,,
,259,19,16.9,,,,,,,
,259,20,16.4,,,,,,,
,259,21,15.8,,,,,,,
,259,22,14.8,,,,,,,
,259,23,15.1,,,,,,,
,259,24,14.6,,,,,,,
,260,1,13.9,,,,,,,
,260,2,13.9,,,,,,,
,260,3,13.6,,,,,,,
,260,4,13.7,,,,,,,
,260,5,13.7,,,,,,,
,260,6,13.7,,,,,,,
,260,7,13.7,,,,,,,
,260,8,14.3,,,,,,,
,260,9,14.8,,,,,,,
,260,10,15.7,,,,,,,
,260,11,16.6,,,,,,,
,260,12,17.4,,,,,,,
,260,13,17.9,,,,,,,
,260,14,18.2,,,,,,,
,260,15,18.5,,,,,,,
,260,16,17.1,,,,,,,
,260,17,18,,,,,,,
,260,18,17.5,,,,,,,
,260,19,17.1,,,,,,,
,260,20,16.5,,,,,,,
,260,21,15.8,,,,,,,
,260,22,15.1,,,,,,,
,260,23,14.5,,,,,,,
,260,24,13.8,,,,,,,
,261,1,13.1,,,,,,,
,261,2,12.3,,,,,,,
,261,3,11.5,,,,,,,
,261,4,11.1,,,,,,,
,261,5,10.7,,,,,,,
,261,6,10.4,,,,,,,
,261,7,10.4,,,,,,,
,261,8,12,,,,,,,
,261,9,14.1,,,,,,,
,261,10,16.2,,,,,,,
,261,11,18.3,,,,,,,
,261,12,20.2,,,,,,,
,261,13,21.7,,,,,,,
,261,14,22.7,,,,,,,
,261,15,23.3,,,,,,,
,261,16,23.4,,,,,,,
,261,17,22.9,,,,,,,
,261,18,21.7,,,,,,,
,261,19,20.1,,,,,,,
,261,20,19.3,,,,,,,
,261,21,18.5,,,,,,,
,261,22,17.7,,,,,,,
,261,23,16.9,,,,,,,
,261,24,16.1,,,,,,,
,262,1,15.6,,,,,,,
,262,2,15,,,,,,,
,262,3,14.5,,,,,,,
,262,4,14.2,,,,,,,
,262,5,13.9,,,,,,,
,262,6,13.7,,,,,,,
,262,7,13.7,,,,,,,
,262,8,15.3,,,,,,,
,262,9,17.4,,,,,,,
,262,10,19.6,,,,,,,
,262,11,21.7,,,,,,,
,262,12,23.5,,,,,,,
,262,13,25.1,,,,,,,
,262,14,26.2,,,,,,,
,262,15,26.9,,,,,,,
,262,16,27,,,,,,,
,262,17,26.6,,,,,,,
,262,18,25.4,,,,,,,
,262,19,23.8,,,,,,,
,262,20,23,,,,,,,
,262,21,22.3,,,,,,,
,262,22,21.5,,,,,,,
,262,23,20.7,,,,,,,
,262,24,20,,,,,,,
,263,1,19.4,,,,,,,
,263,2,18.8,,,,,,,
,263,3,18.2,,,,,,,
,263,4,17.8,,,,,,,
,263,5,17.5,,,,,,,
,263,6,17.3,,,,,,,
,263,7,17.3,,,,,,,
,263,8,18.7,,,,,,,
,263,9,20.7,,,,,,,
,263,10,22.6,,,,,,,
,263,11,24.7,,,,,,,
,263,12,26.3,,,,,,,
,263,13,27.9,,,,,,,
,263,14,28.8,,,,,,,
,263,15,29.2,,,,,,,
,263,16,29.4,,,,,,,
,263,17,29,,,,,,,
,263,18,28,,,,,,,
,263,19,26.5,,,,,,,
,263,20,25.3,,,,,,,
,263,21,24.1,,,,,,,
,263,22,22.9,,,,,,,
,263,23,21.7,,,,,,,
,263,24,20.4,,,,,,,
,264,1,19.3,,,,,,,
,264,2,18.1,,,,,,,
,264,3,16.9,,,,,,,
,264,4,16.2,,,,,,,
,264,5,15.6,,,,,,,
,264,6,15.2,,,,,,,
,264,7,15.1,,,,,,,
,264,8,16.2,,,,,,,
,264,9,17.9,,,,,,,
,264,10,19.6,,,,,,,
,264,11,21.1,,,,,,,
,264,12,22.8,,,,,,,
,264,13,23.9,,,,,,,
,264,14,24.6,,,,,,,
,264,15,24.7,,,,,,,
,264,16,24.7,,,,,,,
,264,17,24.2,,,,,,,
,264,18,23.2,,,,,,,
,264,19,21.9,,,,,,,
,264,20,20.8,,,,,,,
,264,21,19.7,,,,,,,
,264,22,18.6,,,,,,,
,264,23,17.5,,,,,,,
,264,24,16.4,,,,,,,
,265,1,15.7,,,,,,,
,265,2,15,,,,,,,
,265,3,14.3,,,,,,,
,265,4,13.9,,,,,,,
,265,5,13.5,,,,,,,
,265,6,13.2,,,,,,,
,265,7,13.2,,,,,,,
,265,8,13.8,,,,,,,
,265,9,14.6,,,,,,,
,265,10,15.5,,,,,,,
,265,11,16.2,,,,,,,
,265,12,16.9,,,,,,,
,265,13,17.5,,,,,,,
,265,14,18,,,,,,,
,265,15,18.2,,,,,,,
,265,16,18.1,,,,,,,
,265,17,17.8,,,,,,,
,265,18,17.3,,,,,,,
,265,19,16.5,,,,,,,
,265,20,15.1,,,,,,,
,265,21,14.6,,,,,,,
,265,22,13.9,,,,,,,
,265,23,12.9,,,,,,,
,265,24,12,,,,,,,
,266,1,11.2,,,,,,,
,266,2,10.4,,,,,,,
,266,3,9.6,,,,,,,
,266,4,9.2,,,,,,,
,266,5,8.8,,,,,,,
,266,6,8.5,,,,,,,
,266,7,8.4,,,,,,,
,266,8,9,,,,,,,
,266,9,9.2,,,,,,,
,266,10,9.5,,,,,,,
,266,11,9.6,,,,,,,
,266,12,10.6,,,,,,,
,266,13,11.8,,,,,,,
,266,14,12.8,,,,,,,
,266,15,14.2,,,,,,,
,266,16,15.3,,,,,,,
,266,17,15.7,,,,,,,
,266,18,15.5,,,,,,,
,266,19,14.6,,,,,,,
,266,20,14.2,,,,,,,
,266,21,13.9,,,,,,,
,266,22,13.6,,,,,,,
,266,23,13.2,,,,,,,
,266,24,12.9,,,,,,,
,267,1,12.7,,,,,,,
,267,2,12.5,,,,,,,
,267,3,12.3,,,,,,,
,267,4,12.2,,,,,,,
,267,5,12.1,,,,,,,
,267,6,12,,,,,,,
,267,7,12,,,,,,,
,267,8,12.7,,,,,,,
,267,9,13.5,,,,,,,
,267,10,14.7,,,,,,,
,267,11,15.8,,,,,,,
,267,12,16.8,,,,,,,
,267,13,17.7,,,,,,,
,267,14,18.1,,,,,,,
,267,15,18.2,,,,,,,
,267,16,18,,,,,,,
,267,17,17.6,,,,,,,
,267,18,17,,,,,,,
,267,19,16.2,,,,,,,
,267,20,16.1,,,,,,,
,267,21,15.9,,,,,,,
,267,22,15.7,,,,,,,
,267,23,15.5,,,,,,,
,267,24,15.3,,,,,,,
,268,1,15.1,,,,,,,
,268,2,15,,,,,,,
,268,3,14.8,,,,,,,
,268,4,14.9,,,,,,,
,268,5,14.5,,,,,,,
,268,6,14.8,,,,,,,
,268,7,14.9,,,,,,,
,268,8,16.1,,,,,,,
,268,9,16.9,,,,,,,
,268,10,17.8,,,,,,,
,268,11,18.4,,,,,,,
,268,12,19.1,,,,,,,
,268,13,19.6,,,,,,,
,268,14,20.8,,,,,,,
,268,15,21.3,,,,,,,
,268,16,21.5,,,,,,,
,268,17,20.7,,,,,,,
,268,18,20.1,,,,,,,
,268,19,19.4,,,,,,,
,268,20,18.9,,,,,,,
,268,21,18.4,,,,,,,
,268,22,17.9,,,,,,,
,268,23,17.4,,,,,,,
,268,24,16.9,,,,,,,
,269,1,16.3,,,,,,,
,269,2,15.6,,,,,,,
,269,3,15,,,,,,,
,269,4,14.7,,,,,,,
,269,5,14.3,,,,,,,
,269,6,14.1,,,,,,,
,269,7,14.1,,,,,,,
,269,8,15.1,,,,,,,
,269,9,16.6,,,,,,,
,269,10,18.4,,,,,,,
,269,11,20,,,,,,,
,269,12,21.4,,,,,,,
,269,13,22.6,,,,,,,
,269,14,23.4,,,,,,,
,269,15,23.9,,,,,,,
,269,16,24,,,,,,,
,269,17,23.6,,,,,,,
,269,18,22.6,,,,,,,
,269,19,21.4,,,,,,,
,269,20,20.4,,,,,,,
,269,21,19.5,,,,,,,
,269,22,18.6,,,,,,,
,269,23,17.6,,,,,,,
,269,24,16.7,,,,,,,
,270,1,15.9,,,,,,,
,270,2,15,,,,,,,
,270,3,14.2,,,,,,,
,270,4,13.7,,,,,,,
,270,5,13.2,,,,,,,
,270,6,12.9,,,,,,,
,270,7,12.9,,,,,,,
,270,8,13.5,,,,,,,
,270,9,14.4,,,,,,,
,270,10,15.5,,,,,,,
,270,11,16.5,,,,,,,
,270,12,17.5,,,,,,,
,270,13,18.2,,,,,,,
,270,14,18.7,,,,,,,
,270,15,18.9,,,,,,,
,270,16,18.9,,,,,,,
,270,17,18.3,,,,,,,
,270,18,17.6,,,,,,,
,270,19,16.7,,,,,,,
,270,20,16.3,,,,,,,
,270,21,16,,,,,,,
,270,22,15.6,,,,,,,
,270,23,15.3,,,,,,,
,270,24,14.9,,,,,,,
,271,1,14.8,,,,,,,
,271,2,14.8,,,,,,,
,271,3,14.8,,,,,,,
,271,4,14.8,,,,,,,
,271,5,14.9,,,,,,,
,271,6,14.9,,,,,,,
,271,7,14.9,,,,,,,
,271,8,15.8,,,,,,,
,271,9,18,,,,,,,
,271,10,18.9,,,,,,,
,271,11,20.3,,,,,,,
,271,12,20.7,,,,,,,
,271,13,21.6,,,,,,,
,271,14,22.7,,,,,,,
,271,15,22.2,,,,,,,
,271,16,21.7,,,,,,,
,271,17,20.8,,,,,,,
,271,18,20,,,,,,,
,271,19,19.3,,,,,,,
,271,20,18.9,,,,,,,
,271,21,18.6,,,,,,,
,271,22,18.2,,,,,,,
,271,23,17.9,,,,,,,
,271,24,17.5,,,,,,,
,272,1,16.9,,,,,,,
,272,2,16.2,,,,,,,
,272,3,15.6,,,,,,,
,272,4,15.3,,,,,,,
,272,5,15,,,,,,,
,272,6,14.8,,,,,,,
,272,7,14.8,,,,,,,
,272,8,15.7,,,,,,,
,272,9,17.2,,,,,,,
,272,10,19.3,,,,,,,
,272,11,21.1,,,,,,,
,272,12,22.8,,,,,,,
,272,13,23.5,,,,,,,
,272,14,24.2,,,,,,,
,272,15,24.3,,,,,,,
,272,16,24.3,,,,,,,
,272,17,23.5,,,,,,,
,272,18,22.6,,,,,,,
,272,19,21.4,,,,,,,
,272,20,20.5,,,,,,,
,272,21,19.5,,,,,,,
,272,22,18.6,,,,,,,
,272,23,17.6,,,,,,,
,272,24,16.6,,,,,,,
,273,1,15.8,,,,,,,
,273,2,15,,,,,,,
,273,3,14.1,,,,,,,
,273,4,13.6,,,,,,,
,273,5,13.2,,,,,,,
,273,6,12.9,,,,,,,
,273,7,12.9,,,,,,,
,273,8,13.7,,,,,,,
,273,9,14.8,,,,,,,
,273,10,16.3,,,,,,,
,273,11,18.2,,,,,,,
,273,12,18.9,,,,,,,
,273,13,19.7,,,,,,,
,273,14,20.1,,,,,,,
,273,15,19.8,,,,,,,
,273,16,19.1,,,,,,,
,273,17,18.4,,,,,,,
,273,18,17.7,,,,,,,
,273,19,16.9,,,,,,,
,273,20,16.2,,,,,,,
,273,21,15.6,,,,,,,
,273,22,14.9,,,,,,,
,273,23,14.2,,,,,,,
,273,24,13.5,,,,,,,
octobre,274,1,13,,début période 3,,,,,
,274,2,12.6,,,,,,,
,274,3,12.1,,,,,,,
,274,4,11.9,,,,,,,
,274,5,11.7,,,,,,,
,274,6,11.6,,,,,,,
,274,7,11.6,,,,,,,
,274,8,13.1,,,,,,,
,274,9,15.4,,,,,,,
,274,10,17.9,,,,,,,
,274,11,20.5,,,,,,,
,274,12,22.8,,,,,,,
,274,13,24.5,,,,,,,
,274,14,25.7,,,,,,,
,274,15,26.2,,,,,,,
,274,16,26.2,,,,,,,
,274,17,25.4,,,,,,,
,274,18,24,,,,,,,
,274,19,22.4,,,,,,,
,274,20,21.2,,,,,,,
,274,21,20,,,,,,,
,274,22,18.9,,,,,,,
,274,23,17.7,,,,,,,
,274,24,16.5,,,,,,,
,275,1,15.1,,,,,,,
,275,2,13.6,,,,,,,
,275,3,12.1,,,,,,,
,275,4,11.3,,,,,,,
,275,5,10.5,,,,,,,
,275,6,10,,,,,,,
,275,7,9.9,,,,,,,
,275,8,11.1,,,,,,,
,275,9,13.3,,,,,,,
,275,10,15.7,,,,,,,
,275,11,17.9,,,,,,,
,275,12,20,,,,,,,
,275,13,21.6,,,,,,,
,275,14,22.7,,,,,,,
,275,15,23.2,,,,,,,
,275,16,23.1,,,,,,,
,275,17,22.2,,,,,,,
,275,18,20.7,,,,,,,
,275,19,18.9,,,,,,,
,275,20,17.8,,,,,,,
,275,21,16.7,,,,,,,
,275,22,15.7,,,,,,,
,275,23,14.6,,,,,,,
,275,24,13.6,,,,,,,
,276,1,13,,,,,,,
,276,2,12.4,,,,,,,
,276,3,11.8,,,,,,,
,276,4,11.5,,,,,,,
,276,5,11.1,,,,,,,
,276,6,10.9,,,,,,,
,276,7,10.9,,,,,,,
,276,8,12.1,,,,,,,
,276,9,14.3,,,,,,,
,276,10,16.6,,,,,,,
,276,11,19.1,,,,,,,
,276,12,21.2,,,,,,,
,276,13,23.1,,,,,,,
,276,14,24.4,,,,,,,
,276,15,25.1,,,,,,,
,276,16,25.3,,,,,,,
,276,17,24.7,,,,,,,
,276,18,23.4,,,,,,,
,276,19,21.6,,,,,,,
,276,20,20.8,,,,,,,
,276,21,19.9,,,,,,,
,276,22,19,,,,,,,
,276,23,18.1,,,,,,,
,276,24,17.3,,,,,,,
,277,1,16.5,,,,,,,
,277,2,15.6,,,,,,,
,277,3,14.8,,,,,,,
,277,4,14.4,,,,,,,
,277,5,13.9,,,,,,,
,277,6,13.6,,,,,,,
,277,7,13.6,,,,,,,
,277,8,13.9,,,,,,,
,277,9,14.1,,,,,,,
,277,10,14.9,,,,,,,
,277,11,15.5,,,,,,,
,277,12,15.6,,,,,,,
,277,13,15.9,,,,,,,
,277,14,16.2,,,,,,,
,277,15,16.5,,,,,,,
,277,16,16.7,,,,,,,
,277,17,16.6,,,,,,,
,277,18,16.3,,,,,,,
,277,19,15.3,,,,,,,
,277,20,15.2,,,,,,,
,277,21,14.5,,,,,,,
,277,22,13.7,,,,,,,
,277,23,13,,,,,,,
,277,24,12.3,,,,,,,
,278,1,11.7,,,,,,,
,278,2,11.2,,,,,,,
,278,3,10.7,,,,,,,
,278,4,10.4,,,,,,,
,278,5,10.2,,,,,,,
,278,6,10,,,,,,,
,278,7,10,,,,,,,
,278,8,11,,,,,,,
,278,9,12.8,,,,,,,
,278,10,14.7,,,,,,,
,278,11,16.7,,,,,,,
,278,12,18.5,,,,,,,
,278,13,20,,,,,,,
,278,14,21,,,,,,,
,278,15,21.6,,,,,,,
,278,16,21.6,,,,,,,
,278,17,20.9,,,,,,,
,278,18,19.7,,,,,,,
,278,19,18.3,,,,,,,
,278,20,17.2,,,,,,,
,278,21,16.1,,,,,,,
,278,22,15.1,,,,,,,
,278,23,14,,,,,,,
,278,24,12.9,,,,,,,
,279,1,11.9,,,,,,,
,279,2,10.7,,,,,,,
,279,3,9.6,,,,,,,
,279,4,9,,,,,,,
,279,5,8.4,,,,,,,
,279,6,8,,,,,,,
,279,7,7.9,,,,,,,
,279,8,9.2,,,,,,,
,279,9,11.7,,,,,,,
,279,10,14.6,,,,,,,
,279,11,17.4,,,,,,,
,279,12,19.9,,,,,,,
,279,13,22,,,,,,,
,279,14,23.4,,,,,,,
,279,15,24.2,,,,,,,
,279,16,24.3,,,,,,,
,279,17,23.4,,,,,,,
,279,18,21.7,,,,,,,
,279,19,19.6,,,,,,,
,279,20,18.2,,,,,,,
,279,21,16.8,,,,,,,
,279,22,15.5,,,,,,,
,279,23,14.1,,,,,,,
,279,24,12.8,,,,,,,
,280,1,11.8,,,,,,,
,280,2,10.7,,,,,,,
,280,3,9.6,,,,,,,
,280,4,9,,,,,,,
,280,5,8.4,,,,,,,
,280,6,8,,,,,,,
,280,7,7.6,,,,,,,
,280,8,8.3,,,,,,,
,280,9,11.3,,,,,,,
,280,10,14,,,,,,,
,280,11,16.2,,,,,,,
,280,12,18.2,,,,,,,
,280,13,19.6,,,,,,,
,280,14,20.5,,,,,,,
,280,15,20.9,,,,,,,
,280,16,20.7,,,,,,,
,280,17,19.7,,,,,,,
,280,18,18,,,,,,,
,280,19,16.1,,,,,,,
,280,20,15.2,,,,,,,
,280,21,14.2,,,,,,,
,280,22,13.2,,,,,,,
,280,23,12.2,,,,,,,
,280,24,11.3,,,,,,,
,281,1,10.7,,,,,,,
,281,2,10.1,,,,,,,
,281,3,9.5,,,,,,,
,281,4,9.2,,,,,,,
,281,5,9,,,,,,,
,281,6,8.8,,,,,,,
,281,7,8.7,,,,,,,
,281,8,9,,,,,,,
,281,9,9.1,,,,,,,
,281,10,10.8,,,,,,,
,281,11,12.4,,,,,,,
,281,12,14.7,,,,,,,
,281,13,17,,,,,,,
,281,14,17,,,,,,,
,281,15,16.2,,,,,,,
,281,16,15,,,,,,,
,281,17,14,,,,,,,
,281,18,13.1,,,,,,,
,281,19,12.4,,,,,,,
,281,20,11.9,,,,,,,
,281,21,11.4,,,,,,,
,281,22,11,,,,,,,
,281,23,10.5,,,,,,,
,281,24,10.1,,,,,,,
,282,1,9.5,,,,,,,
,282,2,8.8,,,,,,,
,282,3,8.1,,,,,,,
,282,4,7.7,,,,,,,
,282,5,7.4,,,,,,,
,282,6,7.1,,,,,,,
,282,7,6.9,,,,,,,
,282,8,7,,,,,,,
,282,9,8.2,,,,,,,
,282,10,9.1,,,,,,,
,282,11,9.4,,,,,,,
,282,12,11.2,,,,,,,
,282,13,13.1,,,,,,,
,282,14,13.8,,,,,,,
,282,15,14.9,,,,,,,
,282,16,15.3,,,,,,,
,282,17,15.2,,,,,,,
,282,18,14.3,,,,,,,
,282,19,13.1,,,,,,,
,282,20,12.7,,,,,,,
,282,21,12.2,,,,,,,
,282,22,11.8,,,,,,,
,282,23,11.3,,,,,,,
,282,24,10.9,,,,,,,
,283,1,10.6,,,,,,,
,283,2,10.3,,,,,,,
,283,3,10,,,,,,,
,283,4,9.9,,,,,,,
,283,5,9.8,,,,,,,
,283,6,9.7,,,,,,,
,283,7,9.6,,,,,,,
,283,8,9.8,,,,,,,
,283,9,10.8,,,,,,,
,283,10,11,,,,,,,
,283,11,11.9,,,,,,,
,283,12,12.6,,,,,,,
,283,13,13.3,,,,,,,
,283,14,13.6,,,,,,,
,283,15,13.8,,,,,,,
,283,16,13.9,,,,,,,
,283,17,13.5,,,,,,,
,283,18,13.1,,,,,,,
,283,19,12.6,,,,,,,
,283,20,12,,,,,,,
,283,21,11.4,,,,,,,
,283,22,10.8,,,,,,,
,283,23,10.2,,,,,,,
,283,24,9.6,,,,,,,
,284,1,9.1,,,,,,,
,284,2,8.5,,,,,,,
,284,3,7.9,,,,,,,
,284,4,7.6,,,,,,,
,284,5,7.3,,,,,,,
,284,6,7.1,,,,,,,
,284,7,6.9,,,,,,,
,284,8,7.5,,,,,,,
,284,9,10.4,,,,,,,
,284,10,13.2,,,,,,,
,284,11,15.5,,,,,,,
,284,12,17.4,,,,,,,
,284,13,18.7,,,,,,,
,284,14,19.7,,,,,,,
,284,15,20,,,,,,,
,284,16,19.6,,,,,,,
,284,17,18.5,,,,,,,
,284,18,16.9,,,,,,,
,284,19,15.3,,,,,,,
,284,20,14.1,,,,,,,
,284,21,13,,,,,,,
,284,22,11.9,,,,,,,
,284,23,10.7,,,,,,,
,284,24,9.6,,,,,,,
,285,1,8.5,,,,,,,
,285,2,7.2,,,,,,,
,285,3,6,,,,,,,
,285,4,5.4,,,,,,,
,285,5,4.7,,,,,,,
,285,6,4.3,,,,,,,
,285,7,3.8,,,,,,,
,285,8,4.2,,,,,,,
,285,9,6.5,,,,,,,
,285,10,8.9,,,,,,,
,285,11,11,,,,,,,
,285,12,12.8,,,,,,,
,285,13,14.2,,,,,,,
,285,14,15,,,,,,,
,285,15,15.3,,,,,,,
,285,16,15.1,,,,,,,
,285,17,14.1,,,,,,,
,285,18,12.6,,,,,,,
,285,19,10.9,,,,,,,
,285,20,9.9,,,,,,,
,285,21,8.9,,,,,,,
,285,22,7.9,,,,,,,
,285,23,6.9,,,,,,,
,285,24,5.9,,,,,,,
,286,1,5.3,,,,,,,
,286,2,4.6,,,,,,,
,286,3,4,,,,,,,
,286,4,3.6,,,,,,,
,286,5,3.2,,,,,,,
,286,6,3,,,,,,,
,286,7,2.7,,,,,,,
,286,8,3.1,,,,,,,
,286,9,5.6,,,,,,,
,286,10,8.1,,,,,,,
,286,11,10.3,,,,,,,
,286,12,12.2,,,,,,,
,286,13,13.7,,,,,,,
,286,14,14.6,,,,,,,
,286,15,14.9,,,,,,,
,286,16,14.7,,,,,,,
,286,17,13.7,,,,,,,
,286,18,12,,,,,,,
,286,19,10.3,,,,,,,
,286,20,9.9,,,,,,,
,286,21,9.4,,,,,,,
,286,22,8.9,,,,,,,
,286,23,8.4,,,,,,,
,286,24,7.9,,,,,,,
,287,1,7.8,,,,,,,
,287,2,7.6,,,,,,,
,287,3,7.5,,,,,,,
,287,4,7.4,,,,,,,
,287,5,7.4,,,,,,,
,287,6,7.4,,,,,,,
,287,7,7.4,,,,,,,
,287,8,7.6,,,,,,,
,287,9,9,,,,,,,
,287,10,9.4,,,,,,,
,287,11,10.4,,,,,,,
,287,12,11.7,,,,,,,
,287,13,12.5,,,,,,,
,287,14,13,,,,,,,
,287,15,14,,,,,,,
,287,16,14.3,,,,,,,
,287,17,14.6,,,,,,,
,287,18,13.9,,,,,,,
,287,19,13,,,,,,,
,287,20,12.3,,,,,,,
,287,21,11.5,,,,,,,
,287,22,10.8,,,,,,,
,287,23,10.1,,,,,,,
,287,24,9.4,,,,,,,
,288,1,8.5,12115.38462,début période 2,,,,,
,288,2,7.5,13269.23077,,,,,,
,288,3,6.6,14307.69231,,,,,,
,288,4,6.1,14884.61538,,,,,,
,288,5,5.5,15576.92308,,,,,,
,288,6,5.2,15923.07692,,,,,,
,288,7,4.8,16384.61538,,,,,,
,288,8,4.8,16384.61538,,,,,,
,288,9,5,16153.84615,,,,,,
,288,10,5.3,15807.69231,,,,,,
,288,11,5.6,15461.53846,,,,,,
,288,12,5.8,15230.76923,,,,,,
,288,13,6,15000,,,,,,
,288,14,6,15000,,,,,,
,288,15,6.1,14884.61538,,,,,,
,288,16,6,15000,,,,,,
,288,17,5.8,15230.76923,,,,,,
,288,18,5.4,15692.30769,,,,,,
,288,19,4.9,16269.23077,,,,,,
,288,20,4.7,16500,,,,,,
,288,21,4.3,16961.53846,,,,,,
,288,22,3.8,17538.46154,,,,,,
,288,23,3.3,18115.38462,,,,,,
,288,24,2.5,19038.46154,,,,,,
,289,1,3.3,18115.38462,,,,,,
,289,2,3.4,18000,,,,,,
,289,3,3.5,17884.61538,,,,,,
,289,4,3.6,17769.23077,,,,,,
,289,5,3.7,17653.84615,,,,,,
,289,6,3.7,17653.84615,,,,,,
,289,7,3.8,17538.46154,,,,,,
,289,8,3.9,17423.07692,,,,,,
,289,9,4.4,16846.15385,,,,,,
,289,10,4.7,16500,,,,,,
,289,11,5,16153.84615,,,,,,
,289,12,5.3,15807.69231,,,,,,
,289,13,5.3,15807.69231,,,,,,
,289,14,7.7,13038.46154,,,,,,
,289,15,9.2,11307.69231,,,,,,
,289,16,10.3,10038.46154,,,,,,
,289,17,10.5,9807.692308,,,,,,
,289,18,9.8,10615.38462,,,,,,
,289,19,9.6,10846.15385,,,,,,
,289,20,9.5,10961.53846,,,,,,
,289,21,9.4,11076.92308,,,,,,
,289,22,9.3,11192.30769,,,,,,
,289,23,9.2,11307.69231,,,,,,
,289,24,9.1,11423.07692,,,,,,
,290,1,8.8,11769.23077,,,,,,
,290,2,8.4,12230.76923,,,,,,
,290,3,8,12692.30769,,,,,,
,290,4,7.8,12923.07692,,,,,,
,290,5,7.6,13153.84615,,,,,,
,290,6,7.4,13384.61538,,,,,,
,290,7,7.2,13615.38462,,,,,,
,290,8,7.3,13500,,,,,,
,290,9,7.4,13384.61538,,,,,,
,290,10,7.6,13153.84615,,,,,,
,290,11,7.8,12923.07692,,,,,,
,290,12,8,12692.30769,,,,,,
,290,13,8.2,12461.53846,,,,,,
,290,14,8,12692.30769,,,,,,
,290,15,8,12692.30769,,,,,,
,290,16,8.1,12576.92308,,,,,,
,290,17,7.9,12807.69231,,,,,,
,290,18,6,15000,,,,,,
,290,19,6.8,14076.92308,,,,,,
,290,20,7.2,13615.38462,,,,,,
,290,21,7.2,13615.38462,,,,,,
,290,22,6.8,14076.92308,,,,,,
,290,23,7.1,13730.76923,,,,,,
,290,24,7.1,13730.76923,,,,,,
,291,1,7.3,13500,,,,,,
,291,2,7.3,13500,,,,,,
,291,3,7.4,13384.61538,,,,,,
,291,4,7.4,13384.61538,,,,,,
,291,5,7.5,13269.23077,,,,,,
,291,6,7.5,13269.23077,,,,,,
,291,7,7.5,13269.23077,,,,,,
,291,8,7.6,13153.84615,,,,,,
,291,9,8.4,12230.76923,,,,,,
,291,10,9.1,11423.07692,,,,,,
,291,11,9.9,10500,,,,,,
,291,12,10.6,9692.307692,,,,,,
,291,13,11.2,9000,,,,,,
,291,14,11.6,8538.461538,,,,,,
,291,15,11.8,8307.692308,,,,,,
,291,16,11.8,8307.692308,,,,,,
,291,17,11.4,8769.230769,,,,,,
,291,18,10.8,9461.538462,,,,,,
,291,19,11,9230.769231,,,,,,
,291,20,11,9230.769231,,,,,,
,291,21,10.8,9461.538462,,,,,,
,291,22,11.5,8653.846154,,,,,,
,291,23,11.7,8423.076923,,,,,,
,291,24,11.8,8307.692308,,,,,,
,292,1,11.8,8307.692308,,,,,,
,292,2,11.7,8423.076923,,,,,,
,292,3,11.6,8538.461538,,,,,,
,292,4,12,8076.923077,,,,,,
,292,5,12,8076.923077,,,,,,
,292,6,12,8076.923077,,,,,,
,292,7,12,8076.923077,,,,,,
,292,8,12,8076.923077,,,,,,
,292,9,12.5,7500,,,,,,
,292,10,12,8076.923077,,,,,,
,292,11,13,6923.076923,,,,,,
,292,12,13.9,5884.615385,,,,,,
,292,13,14.2,5538.461538,,,,,,
,292,14,14.5,5192.307692,,,,,,
,292,15,14.6,5076.923077,,,,,,
,292,16,14.5,5192.307692,,,,,,
,292,17,14.3,5423.076923,,,,,,
,292,18,14,5769.230769,,,,,,
,292,19,13.8,6000,,,,,,
,292,20,13.5,6346.153846,,,,,,
,292,21,13.2,6692.307692,,,,,,
,292,22,13,6923.076923,,,,,,
,292,23,12.6,7384.615385,,,,,,
,292,24,12.4,7615.384615,,,,,,
,293,1,11.6,8538.461538,,,,,,
,293,2,10.6,9692.307692,,,,,,
,293,3,9.7,10730.76923,,,,,,
,293,4,9.1,11423.07692,,,,,,
,293,5,8.6,12000,,,,,,
,293,6,8.2,12461.53846,,,,,,
,293,7,7.8,12923.07692,,,,,,
,293,8,7.7,13038.46154,,,,,,
,293,9,8.4,12230.76923,,,,,,
,293,10,9.3,11192.30769,,,,,,
,293,11,10.6,9692.307692,,,,,,
,293,12,11.6,8538.461538,,,,,,
,293,13,12.1,7961.538462,,,,,,
,293,14,12.2,7846.153846,,,,,,
,293,15,12.4,7615.384615,,,,,,
,293,16,12.3,7730.769231,,,,,,
,293,17,11.6,8538.461538,,,,,,
,293,18,10.7,9576.923077,,,,,,
,293,19,10.5,9807.692308,,,,,,
,293,20,10.3,10038.46154,,,,,,
,293,21,10,10384.61538,,,,,,
,293,22,9.8,10615.38462,,,,,,
,293,23,9.5,10961.53846,,,,,,
,293,24,9.2,11307.69231,,,,,,
,294,1,9.4,11076.92308,,,,,,
,294,2,9.7,10730.76923,,,,,,
,294,3,10,10384.61538,,,,,,
,294,4,10.1,10269.23077,,,,,,
,294,5,10.1,10269.23077,,,,,,
,294,6,10.3,10038.46154,,,,,,
,294,7,10.5,9807.692308,,,,,,
,294,8,10.6,9692.307692,,,,,,
,294,9,11.4,8769.230769,,,,,,
,294,10,12.2,7846.153846,,,,,,
,294,11,12.8,7153.846154,,,,,,
,294,12,13.4,6461.538462,,,,,,
,294,13,14.1,5653.846154,,,,,,
,294,14,14.5,5192.307692,,,,,,
,294,15,14.7,4961.538462,,,,,,
,294,16,14.8,4846.153846,,,,,,
,294,17,14.6,5076.923077,,,,,,
,294,18,14,5769.230769,,,,,,
,294,19,13.9,5884.615385,,,,,,
,294,20,13.6,6230.769231,,,,,,
,294,21,13.1,6807.692308,,,,,,
,294,22,12.4,7615.384615,,,,,,
,294,23,12.9,7038.461538,,,,,,
,294,24,12.6,7384.615385,,,,,,
,295,1,12.4,7615.384615,,,,,,
,295,2,12.1,7961.538462,,,,,,
,295,3,11.7,8423.076923,,,,,,
,295,4,11.5,8653.846154,,,,,,
,295,5,11.3,8884.615385,,,,,,
,295,6,11.1,9115.384615,,,,,,
,295,7,11,9230.769231,,,,,,
,295,8,11.1,9115.384615,,,,,,
,295,9,12.2,7846.153846,,,,,,
,295,10,13.3,6576.923077,,,,,,
,295,11,14.4,5307.692308,,,,,,
,295,12,15.4,4153.846154,,,,,,
,295,13,16.1,3346.153846,,,,,,
,295,14,16.5,2884.615385,,,,,,
,295,15,16.8,2538.461538,,,,,,
,295,16,16.6,2769.230769,,,,,,
,295,17,15.9,3576.923077,,,,,,
,295,18,15.1,4500,,,,,,
,295,19,14.7,4961.538462,,,,,,
,295,20,14.3,5423.076923,,,,,,
,295,21,13.9,5884.615385,,,,,,
,295,22,13.5,6346.153846,,,,,,
,295,23,13.1,6807.692308,,,,,,
,295,24,12.8,7153.846154,,,,,,
,296,1,12.4,7615.384615,,,,,,
,296,2,12.2,7846.153846,,,,,,
,296,3,11.9,8192.307692,,,,,,
,296,4,11.7,8423.076923,,,,,,
,296,5,11.6,8538.461538,,,,,,
,296,6,11.5,8653.846154,,,,,,
,296,7,11.5,8653.846154,,,,,,
,296,8,11.7,8423.076923,,,,,,
,296,9,13.6,6230.769231,,,,,,
,296,10,15.9,3576.923077,,,,,,
,296,11,17.3,1961.538462,,,,,,
,296,12,19.1,0,,,,,,
,296,13,20.6,0,,,,,,
,296,14,21.6,0,,,,,,
,296,15,21.1,0,,,,,,
,296,16,20.5,0,,,,,,
,296,17,19.7,0,,,,,,
,296,18,18.4,692.3076923,,,,,,
,296,19,17.7,1500,,,,,,
,296,20,17.1,2192.307692,,,,,,
,296,21,16.4,3000,,,,,,
,296,22,15.8,3692.307692,,,,,,
,296,23,15.2,4384.615385,,,,,,
,296,24,14.5,5192.307692,,,,,,
,297,1,13.7,6115.384615,,,,,,
,297,2,12.9,7038.461538,,,,,,
,297,3,12.1,7961.538462,,,,,,
,297,4,11.6,8538.461538,,,,,,
,297,5,11.1,9115.384615,,,,,,
,297,6,10.8,9461.538462,,,,,,
,297,7,10.5,9807.692308,,,,,,
,297,8,10.6,9692.307692,,,,,,
,297,9,12.4,7615.384615,,,,,,
,297,10,14.3,5423.076923,,,,,,
,297,11,15.8,3692.307692,,,,,,
,297,12,17.1,2192.307692,,,,,,
,297,13,18.1,1038.461538,,,,,,
,297,14,18.8,230.7692308,,,,,,
,297,15,18.9,115.3846154,,,,,,
,297,16,18.8,230.7692308,,,,,,
,297,17,17.9,1269.230769,,,,,,
,297,18,16.6,2769.230769,,,,,,
,297,19,15.9,3576.923077,,,,,,
,297,20,15.2,4384.615385,,,,,,
,297,21,14.5,5192.307692,,,,,,
,297,22,13.9,5884.615385,,,,,,
,297,23,13.2,6692.307692,,,,,,
,297,24,12.5,7500,,,,,,
,298,1,12.1,7961.538462,,,,,,
,298,2,11.7,8423.076923,,,,,,
,298,3,11.3,8884.615385,,,,,,
,298,4,11.1,9115.384615,,,,,,
,298,5,10.8,9461.538462,,,,,,
,298,6,10.7,9576.923077,,,,,,
,298,7,10.6,9692.307692,,,,,,
,298,8,10.7,9576.923077,,,,,,
,298,9,11.9,8192.307692,,,,,,
,298,10,13.3,6576.923077,,,,,,
,298,11,14.6,5076.923077,,,,,,
,298,12,15.7,3807.692308,,,,,,
,298,13,16.4,3000,,,,,,
,298,14,16.9,2423.076923,,,,,,
,298,15,16.9,2423.076923,,,,,,
,298,16,16.5,2884.615385,,,,,,
,298,17,15.8,3692.307692,,,,,,
,298,18,14.9,4730.769231,,,,,,
,298,19,14.4,5307.692308,,,,,,
,298,20,13.9,5884.615385,,,,,,
,298,21,13.3,6576.923077,,,,,,
,298,22,12.8,7153.846154,,,,,,
,298,23,12.3,7730.769231,,,,,,
,298,24,11.7,8423.076923,,,,,,
,299,1,11.2,9000,,,,,,
,299,2,10.7,9576.923077,,,,,,
,299,3,10.2,10153.84615,,,,,,
,299,4,10,10384.61538,,,,,,
,299,5,9.7,10730.76923,,,,,,
,299,6,9.3,11192.30769,,,,,,
,299,7,9.3,11192.30769,,,,,,
,299,8,9.4,11076.92308,,,,,,
,299,9,9.7,10730.76923,,,,,,
,299,10,9.8,10615.38462,,,,,,
,299,11,10.2,10153.84615,,,,,,
,299,12,10.7,9576.923077,,,,,,
,299,13,11.1,9115.384615,,,,,,
,299,14,12.7,7269.230769,,,,,,
,299,15,13.6,6230.769231,,,,,,
,299,16,13.9,5884.615385,,,,,,
,299,17,13.8,6000,,,,,,
,299,18,13.2,6692.307692,,,,,,
,299,19,12.6,7384.615385,,,,,,
,299,20,12.1,7961.538462,,,,,,
,299,21,11.5,8653.846154,,,,,,
,299,22,11,9230.769231,,,,,,
,299,23,10.4,9923.076923,,,,,,
,299,24,9.9,10500,,,,,,
,300,1,9.3,11192.30769,,,,,,
,300,2,8.7,11884.61538,,,,,,
,300,3,8.2,12461.53846,,,,,,
,300,4,7.8,12923.07692,,,,,,
,300,5,7.5,13269.23077,,,,,,
,300,6,7.3,13500,,,,,,
,300,7,7.1,13730.76923,,,,,,
,300,8,7.2,13615.38462,,,,,,
,300,9,9.1,11423.07692,,,,,,
,300,10,11.2,9000,,,,,,
,300,11,13.3,6576.923077,,,,,,
,300,12,15,4615.384615,,,,,,
,300,13,16.3,3115.384615,,,,,,
,300,14,17.1,2192.307692,,,,,,
,300,15,17.5,1730.769231,,,,,,
,300,16,17.2,2076.923077,,,,,,
,300,17,16.2,3230.769231,,,,,,
,300,18,14.6,5076.923077,,,,,,
,300,19,14.2,5538.461538,,,,,,
,300,20,13.9,5884.615385,,,,,,
,300,21,13.5,6346.153846,,,,,,
,300,22,13.1,6807.692308,,,,,,
,300,23,12.8,7153.846154,,,,,,
,300,24,12.4,7615.384615,,,,,,
,301,1,12.2,7846.153846,,,,,,
,301,2,12,8076.923077,,,,,,
,301,3,11.9,8192.307692,,,,,,
,301,4,11.8,8307.692308,,,,,,
,301,5,11.7,8423.076923,,,,,,
,301,6,11.6,8538.461538,,,,,,
,301,7,11.6,8538.461538,,,,,,
,301,8,11.6,8538.461538,,,,,,
,301,9,12.5,7500,,,,,,
,301,10,13.8,6000,,,,,,
,301,11,15,4615.384615,,,,,,
,301,12,16.3,3115.384615,,,,,,
,301,13,17.4,1846.153846,,,,,,
,301,14,18.1,1038.461538,,,,,,
,301,15,18.5,576.9230769,,,,,,
,301,16,18.2,923.0769231,,,,,,
,301,17,17.6,1615.384615,,,,,,
,301,18,16.6,2769.230769,,,,,,
,301,19,16.3,3115.384615,,,,,,
,301,20,16.1,3346.153846,,,,,,
,301,21,15.9,3576.923077,,,,,,
,301,22,15.6,3923.076923,,,,,,
,301,23,15.4,4153.846154,,,,,,
,301,24,15.2,4384.615385,,,,,,
,302,1,14.9,4730.769231,,,,,,
,302,2,14.6,5076.923077,,,,,,
,302,3,14.4,5307.692308,,,,,,
,302,4,14.2,5538.461538,,,,,,
,302,5,14.1,5653.846154,,,,,,
,302,6,14,5769.230769,,,,,,
,302,7,13.9,5884.615385,,,,,,
,302,8,14,5769.230769,,,,,,
,302,9,15.3,4269.230769,,,,,,
,302,10,16.6,2769.230769,,,,,,
,302,11,18.1,1038.461538,,,,,,
,302,12,19,0,,,,,,
,302,13,19.9,0,,,,,,
,302,14,20.7,0,,,,,,
,302,15,21.2,0,,,,,,
,302,16,21.2,0,,,,,,
,302,17,20.6,0,,,,,,
,302,18,19.6,0,,,,,,
,302,19,19,0,,,,,,
,302,20,18.3,807.6923077,,,,,,
,302,21,17.7,1500,,,,,,
,302,22,17,2307.692308,,,,,,
,302,23,16.4,3000,,,,,,
,302,24,15.8,3692.307692,,,,,,
,303,1,15.1,4500,,,,,,
,303,2,14.4,5307.692308,,,,,,
,303,3,13.8,6000,,,,,,
,303,4,13.4,6461.538462,,,,,,
,303,5,13,6923.076923,,,,,,
,303,6,12.8,7153.846154,,,,,,
,303,7,12.5,7500,,,,,,
,303,8,12.5,7500,,,,,,
,303,9,14,5769.230769,,,,,,
,303,10,15.9,3576.923077,,,,,,
,303,11,17.6,1615.384615,,,,,,
,303,12,19.3,0,,,,,,
,303,13,20.6,0,,,,,,
,303,14,21.5,0,,,,,,
,303,15,21.9,0,,,,,,
,303,16,21.5,0,,,,,,
,303,17,20.5,0,,,,,,
,303,18,19.1,0,,,,,,
,303,19,18.5,576.9230769,,,,,,
,303,20,17.8,1384.615385,,,,,,
,303,21,17.2,2076.923077,,,,,,
,303,22,16.5,2884.615385,,,,,,
,303,23,15.9,3576.923077,,,,,,
,303,24,15.2,4384.615385,,,,,,
,304,1,14.7,4961.538462,,,,,,
,304,2,14.2,5538.461538,,,,,,
,304,3,13.6,6230.769231,,,,,,
,304,4,13.4,6461.538462,,,,,,
,304,5,13.1,6807.692308,,,,,,
,304,6,12.9,7038.461538,,,,,,
,304,7,12.7,7269.230769,,,,,,
,304,8,12.7,7269.230769,,,,,,
,304,9,13.4,6461.538462,,,,,,
,304,10,14.2,5538.461538,,,,,,
,304,11,14.9,4730.769231,,,,,,
,304,12,15.2,4384.615385,,,,,,
,304,13,16,3461.538462,,,,,,
,304,14,16.3,3115.384615,,,,,,
,304,15,16.5,2884.615385,,,,,,
,304,16,16.4,3000,,,,,,
,304,17,16,3461.538462,,,,,,
,304,18,15.4,4153.846154,,,,,,
,304,19,14.7,4961.538462,,,,,,
,304,20,14,5769.230769,,,,,,
,304,21,13.4,6461.538462,,,,,,
,304,22,12.7,7269.230769,,,,,,
,304,23,11.9,8192.307692,,,,,,
,304,24,11.3,8884.615385,,,,,,
novembre,305,1,10.6,9692.307692,,,,,,
,305,2,10,10384.61538,,,,,,
,305,3,9.3,11192.30769,,,,,,
,305,4,9,11538.46154,,,,,,
,305,5,8.6,12000,,,,,,
,305,6,8.3,12346.15385,,,,,,
,305,7,8.1,12576.92308,,,,,,
,305,8,8.1,12576.92308,,,,,,
,305,9,8.6,12000,,,,,,
,305,10,9,11538.46154,,,,,,
,305,11,10.1,10269.23077,,,,,,
,305,12,11.3,8884.615385,,,,,,
,305,13,12.3,7730.769231,,,,,,
,305,14,12.9,7038.461538,,,,,,
,305,15,13.8,6000,,,,,,
,305,16,14.5,5192.307692,,,,,,
,305,17,14.3,5423.076923,,,,,,
,305,18,13.3,6576.923077,,,,,,
,305,19,12.9,7038.461538,,,,,,
,305,20,12.5,7500,,,,,,
,305,21,12.1,7961.538462,,,,,,
,305,22,11.8,8307.692308,,,,,,
,305,23,11.4,8769.230769,,,,,,
,305,24,11,9230.769231,,,,,,
,306,1,10.8,9461.538462,,,,,,
,306,2,10.6,9692.307692,,,,,,
,306,3,10.4,9923.076923,,,,,,
,306,4,10.3,10038.46154,,,,,,
,306,5,10.2,10153.84615,,,,,,
,306,6,10.1,10269.23077,,,,,,
,306,7,10,10384.61538,,,,,,
,306,8,10.1,10269.23077,,,,,,
,306,9,10.7,9576.923077,,,,,,
,306,10,11.8,8307.692308,,,,,,
,306,11,12.5,7500,,,,,,
,306,12,13,6923.076923,,,,,,
,306,13,13.8,6000,,,,,,
,306,14,14.2,5538.461538,,,,,,
,306,15,14.2,5538.461538,,,,,,
,306,16,13.7,6115.384615,,,,,,
,306,17,13.2,6692.307692,,,,,,
,306,18,12.7,7269.230769,,,,,,
,306,19,12.6,7384.615385,,,,,,
,306,20,12.4,7615.384615,,,,,,
,306,21,12.3,7730.769231,,,,,,
,306,22,12.1,7961.538462,,,,,,
,306,23,12.1,7961.538462,,,,,,
,306,24,11.6,8538.461538,,,,,,
,307,1,11.1,9115.384615,,,,,,
,307,2,11.6,8538.461538,,,,,,
,307,3,11.6,8538.461538,,,,,,
,307,4,11.6,8538.461538,,,,,,
,307,5,11.6,8538.461538,,,,,,
,307,6,11.5,8653.846154,,,,,,
,307,7,11.4,8769.230769,,,,,,
,307,8,11.4,8769.230769,,,,,,
,307,9,11.7,8423.076923,,,,,,
,307,10,12.1,7961.538462,,,,,,
,307,11,12.5,7500,,,,,,
,307,12,12.6,7384.615385,,,,,,
,307,13,12.6,7384.615385,,,,,,
,307,14,13.1,6807.692308,,,,,,
,307,15,13.2,6692.307692,,,,,,
,307,16,13.1,6807.692308,,,,,,
,307,17,12.9,7038.461538,,,,,,
,307,18,12.6,7384.615385,,,,,,
,307,19,12.7,7269.230769,,,,,,
,307,20,12.8,7153.846154,,,,,,
,307,21,12.8,7153.846154,,,,,,
,307,22,12.9,7038.461538,,,,,,
,307,23,13,6923.076923,,,,,,
,307,24,12.8,7153.846154,,,,,,
,308,1,13,6923.076923,,,,,,
,308,2,13.2,6692.307692,,,,,,
,308,3,13.3,6576.923077,,,,,,
,308,4,13.3,6576.923077,,,,,,
,308,5,13.4,6461.538462,,,,,,
,308,6,13.2,6692.307692,,,,,,
,308,7,12.8,7153.846154,,,,,,
,308,8,12.2,7846.153846,,,,,,
,308,9,13.6,6230.769231,,,,,,
,308,10,14,5769.230769,,,,,,
,308,11,14.3,5423.076923,,,,,,
,308,12,14.5,5192.307692,,,,,,
,308,13,14.7,4961.538462,,,,,,
,308,14,14.9,4730.769231,,,,,,
,308,15,14.9,4730.769231,,,,,,
,308,16,15,4615.384615,,,,,,
,308,17,14.8,4846.153846,,,,,,
,308,18,14.5,5192.307692,,,,,,
,308,19,14.1,5653.846154,,,,,,
,308,20,14.3,5423.076923,,,,,,
,308,21,14.2,5538.461538,,,,,,
,308,22,14.2,5538.461538,,,,,,
,308,23,13.7,6115.384615,,,,,,
,308,24,13.6,6230.769231,,,,,,
,309,1,13,6923.076923,,,,,,
,309,2,12.1,7961.538462,,,,,,
,309,3,11.2,9000,,,,,,
,309,4,10.8,9461.538462,,,,,,
,309,5,10.3,10038.46154,,,,,,
,309,6,10,10384.61538,,,,,,
,309,7,9.7,10730.76923,,,,,,
,309,8,9.7,10730.76923,,,,,,
,309,9,10.6,9692.307692,,,,,,
,309,10,11.8,8307.692308,,,,,,
,309,11,13.3,6576.923077,,,,,,
,309,12,14.7,4961.538462,,,,,,
,309,13,16.3,3115.384615,,,,,,
,309,14,16.7,2653.846154,,,,,,
,309,15,17.2,2076.923077,,,,,,
,309,16,17.7,1500,,,,,,
,309,17,17.1,2192.307692,,,,,,
,309,18,15.9,3576.923077,,,,,,
,309,19,15.1,4500,,,,,,
,309,20,14.4,5307.692308,,,,,,
,309,21,13.7,6115.384615,,,,,,
,309,22,13,6923.076923,,,,,,
,309,23,12.2,7846.153846,,,,,,
,309,24,11.5,8653.846154,,,,,,
,310,1,10.9,9346.153846,,,,,,
,310,2,10.2,10153.84615,,,,,,
,310,3,9.6,10846.15385,,,,,,
,310,4,9.3,11192.30769,,,,,,
,310,5,8.9,11653.84615,,,,,,
,310,6,8.7,11884.61538,,,,,,
,310,7,8.5,12115.38462,,,,,,
,310,8,8.5,12115.38462,,,,,,
,310,9,9.7,10730.76923,,,,,,
,310,10,11.1,9115.384615,,,,,,
,310,11,12.4,7615.384615,,,,,,
,310,12,13.8,6000,,,,,,
,310,13,14.8,4846.153846,,,,,,
,310,14,15.5,4038.461538,,,,,,
,310,15,15.6,3923.076923,,,,,,
,310,16,15.2,4384.615385,,,,,,
,310,17,14.3,5423.076923,,,,,,
,310,18,13.3,6576.923077,,,,,,
,310,19,12.6,7384.615385,,,,,,
,310,20,11.9,8192.307692,,,,,,
,310,21,11.1,9115.384615,,,,,,
,310,22,10.4,9923.076923,,,,,,
,310,23,9.7,10730.76923,,,,,,
,310,24,9,11538.46154,,,,,,
,311,1,8.3,12346.15385,,,,,,
,311,2,7.6,13153.84615,,,,,,
,311,3,6.9,13961.53846,,,,,,
,311,4,6.6,14307.69231,,,,,,
,311,5,6.3,14653.84615,,,,,,
,311,6,6,15000,,,,,,
,311,7,5.8,15230.76923,,,,,,
,311,8,5.8,15230.76923,,,,,,
,311,9,7.1,13730.76923,,,,,,
,311,10,9,11538.46154,,,,,,
,311,11,10.8,9461.538462,,,,,,
,311,12,12.6,7384.615385,,,,,,
,311,13,13.7,6115.384615,,,,,,
,311,14,14.6,5076.923077,,,,,,
,311,15,14.9,4730.769231,,,,,,
,311,16,14.5,5192.307692,,,,,,
,311,17,13.5,6346.153846,,,,,,
,311,18,12.2,7846.153846,,,,,,
,311,19,11.4,8769.230769,,,,,,
,311,20,10.7,9576.923077,,,,,,
,311,21,10,10384.61538,,,,,,
,311,22,9.3,11192.30769,,,,,,
,311,23,8.6,12000,,,,,,
,311,24,7.9,12807.69231,,,,,,
,312,1,7.3,13500,,,,,,
,312,2,6.7,14192.30769,,,,,,
,312,3,6,15000,,,,,,
,312,4,5.7,15346.15385,,,,,,
,312,5,5.4,15692.30769,,,,,,
,312,6,5.2,15923.07692,,,,,,
,312,7,5,16153.84615,,,,,,
,312,8,5,16153.84615,,,,,,
,312,9,6.1,14884.61538,,,,,,
,312,10,7.9,12807.69231,,,,,,
,312,11,9.8,10615.38462,,,,,,
,312,12,11.4,8769.230769,,,,,,
,312,13,12.5,7500,,,,,,
,312,14,13.1,6807.692308,,,,,,
,312,15,13.3,6576.923077,,,,,,
,312,16,12.9,7038.461538,,,,,,
,312,17,11.9,8192.307692,,,,,,
,312,18,10.7,9576.923077,,,,,,
,312,19,10,10384.61538,,,,,,
,312,20,9.3,11192.30769,,,,,,
,312,21,8.5,12115.38462,,,,,,
,312,22,7.8,12923.07692,,,,,,
,312,23,7.1,13730.76923,,,,,,
,312,24,6.3,14653.84615,,,,,,
,313,1,5.7,15346.15385,,,,,,
,313,2,5,16153.84615,,,,,,
,313,3,4.3,16961.53846,,,,,,
,313,4,3.9,17423.07692,,,,,,
,313,5,3.5,17884.61538,,,,,,
,313,6,3.3,18115.38462,,,,,,
,313,7,3,18461.53846,,,,,,
,313,8,3,18461.53846,,,,,,
,313,9,4.6,16615.38462,,,,,,
,313,10,6.9,13961.53846,,,,,,
,313,11,9,11538.46154,,,,,,
,313,12,10.4,9923.076923,,,,,,
,313,13,11.7,8423.076923,,,,,,
,313,14,12.6,7384.615385,,,,,,
,313,15,13.2,6692.307692,,,,,,
,313,16,12.9,7038.461538,,,,,,
,313,17,11.7,8423.076923,,,,,,
,313,18,10.1,10269.23077,,,,,,
,313,19,9.7,10730.76923,,,,,,
,313,20,9.2,11307.69231,,,,,,
,313,21,8.7,11884.61538,,,,,,
,313,22,8.2,12461.53846,,,,,,
,313,23,7.7,13038.46154,,,,,,
,313,24,7.3,13500,,,,,,
,314,1,7,13846.15385,,,,,,
,314,2,6.6,14307.69231,,,,,,
,314,3,6.3,14653.84615,,,,,,
,314,4,6.2,14769.23077,,,,,,
,314,5,6,15000,,,,,,
,314,6,5.9,15115.38462,,,,,,
,314,7,5.8,15230.76923,,,,,,
,314,8,5.8,15230.76923,,,,,,
,314,9,6.2,14769.23077,,,,,,
,314,10,6.8,14076.92308,,,,,,
,314,11,7.3,13500,,,,,,
,314,12,7.8,12923.07692,,,,,,
,314,13,8.3,12346.15385,,,,,,
,314,14,8.6,12000,,,,,,
,314,15,8.7,11884.61538,,,,,,
,314,16,8.5,12115.38462,,,,,,
,314,17,8,12692.30769,,,,,,
,314,18,7.2,13615.38462,,,,,,
,314,19,7.4,13384.61538,,,,,,
,314,20,7.1,13730.76923,,,,,,
,314,21,6.9,13961.53846,,,,,,
,314,22,6.7,14192.30769,,,,,,
,314,23,6.4,14538.46154,,,,,,
,314,24,6.2,14769.23077,,,,,,
,315,1,6,15000,,,,,,
,315,2,5.8,15230.76923,,,,,,
,315,3,5.6,15461.53846,,,,,,
,315,4,5.5,15576.92308,,,,,,
,315,5,5.5,15576.92308,,,,,,
,315,6,5.4,15692.30769,,,,,,
,315,7,5.3,15807.69231,,,,,,
,315,8,5.3,15807.69231,,,,,,
,315,9,6.2,14769.23077,,,,,,
,315,10,7.5,13269.23077,,,,,,
,315,11,7.6,13153.84615,,,,,,
,315,12,8.3,12346.15385,,,,,,
,315,13,8.3,12346.15385,,,,,,
,315,14,9.6,10846.15385,,,,,,
,315,15,10.5,9807.692308,,,,,,
,315,16,10.6,9692.307692,,,,,,
,315,17,10.1,10269.23077,,,,,,
,315,18,9.3,11192.30769,,,,,,
,315,19,9.2,11307.69231,,,,,,
,315,20,9,11538.46154,,,,,,
,315,21,8.8,11769.23077,,,,,,
,315,22,8.7,11884.61538,,,,,,
,315,23,8.5,12115.38462,,,,,,
,315,24,8.3,12346.15385,,,,,,
,316,1,8,12692.30769,,,,,,
,316,2,7.6,13153.84615,,,,,,
,316,3,7.8,12923.07692,,,,,,
,316,4,7.7,13038.46154,,,,,,
,316,5,7.7,13038.46154,,,,,,
,316,6,7.7,13038.46154,,,,,,
,316,7,7.7,13038.46154,,,,,,
,316,8,7.7,13038.46154,,,,,,
,316,9,8,12692.30769,,,,,,
,316,10,8.4,12230.76923,,,,,,
,316,11,8.8,11769.23077,,,,,,
,316,12,9,11538.46154,,,,,,
,316,13,9.2,11307.69231,,,,,,
,316,14,10.8,9461.538462,,,,,,
,316,15,11.8,8307.692308,,,,,,
,316,16,12.3,7730.769231,,,,,,
,316,17,12.1,7961.538462,,,,,,
,316,18,11.5,8653.846154,,,,,,
,316,19,11,9230.769231,,,,,,
,316,20,10.5,9807.692308,,,,,,
,316,21,10,10384.61538,,,,,,
,316,22,9.5,10961.53846,,,,,,
,316,23,9,11538.46154,,,,,,
,316,24,8.6,12000,,,,,,
,317,1,7.9,12807.69231,,,,,,
,317,2,7.2,13615.38462,,,,,,
,317,3,6.5,14423.07692,,,,,,
,317,4,6.1,14884.61538,,,,,,
,317,5,5.7,15346.15385,,,,,,
,317,6,5.5,15576.92308,,,,,,
,317,7,5.2,15923.07692,,,,,,
,317,8,5.2,15923.07692,,,,,,
,317,9,6.1,14884.61538,,,,,,
,317,10,7.3,13500,,,,,,
,317,11,7.8,12923.07692,,,,,,
,317,12,8.3,12346.15385,,,,,,
,317,13,9.2,11307.69231,,,,,,
,317,14,10.4,9923.076923,,,,,,
,317,15,11.4,8769.230769,,,,,,
,317,16,11.8,8307.692308,,,,,,
,317,17,11.3,8884.615385,,,,,,
,317,18,10.3,10038.46154,,,,,,
,317,19,9.8,10615.38462,,,,,,
,317,20,9.3,11192.30769,,,,,,
,317,21,8.8,11769.23077,,,,,,
,317,22,8.3,12346.15385,,,,,,
,317,23,7.8,12923.07692,,,,,,
,317,24,7.3,13500,,,,,,
,318,1,7,13846.15385,,,,,,
,318,2,6.7,14192.30769,,,,,,
,318,3,6.4,14538.46154,,,,,,
,318,4,6.3,14653.84615,,,,,,
,318,5,6.1,14884.61538,,,,,,
,318,6,6,15000,,,,,,
,318,7,5.9,15115.38462,,,,,,
,318,8,6,15000,,,,,,
,318,9,6.7,14192.30769,,,,,,
,318,10,6.7,14192.30769,,,,,,
,318,11,6.9,13961.53846,,,,,,
,318,12,8.3,12346.15385,,,,,,
,318,13,9.7,10730.76923,,,,,,
,318,14,11.6,8538.461538,,,,,,
,318,15,12.5,7500,,,,,,
,318,16,13.1,6807.692308,,,,,,
,318,17,12.7,7269.230769,,,,,,
,318,18,11.7,8423.076923,,,,,,
,318,19,11.4,8769.230769,,,,,,
,318,20,11.1,9115.384615,,,,,,
,318,21,10.8,9461.538462,,,,,,
,318,22,10.5,9807.692308,,,,,,
,318,23,10.2,10153.84615,,,,,,
,318,24,9.9,10500,,,,,,
,319,1,9.5,10961.53846,,,,,,
,319,2,9.1,11423.07692,,,,,,
,319,3,8.8,11769.23077,,,,,,
,319,4,8.6,12000,,,,,,
,319,5,8.4,12230.76923,,,,,,
,319,6,8.3,12346.15385,,,,,,
,319,7,8.2,12461.53846,,,,,,
,319,8,8.2,12461.53846,,,,,,
,319,9,8.5,12115.38462,,,,,,
,319,10,8.9,11653.84615,,,,,,
,319,11,9.3,11192.30769,,,,,,
,319,12,9.7,10730.76923,,,,,,
,319,13,9.7,10730.76923,,,,,,
,319,14,11.7,8423.076923,,,,,,
,319,15,12.9,7038.461538,,,,,,
,319,16,13.3,6576.923077,,,,,,
,319,17,13,6923.076923,,,,,,
,319,18,12.3,7730.769231,,,,,,
,319,19,11.9,8192.307692,,,,,,
,319,20,11.5,8653.846154,,,,,,
,319,21,11,9230.769231,,,,,,
,319,22,10.6,9692.307692,,,,,,
,319,23,10.2,10153.84615,,,,,,
,319,24,9.8,10615.38462,,,,,,
,320,1,9.3,11192.30769,,,,,,
,320,2,9,11538.46154,,,,,,
,320,3,8.6,12000,,,,,,
,320,4,8.4,12230.76923,,,,,,
,320,5,8.2,12461.53846,,,,,,
,320,6,8,12692.30769,,,,,,
,320,7,7.9,12807.69231,,,,,,
,320,8,7.8,12923.07692,,,,,,
,320,9,8.6,12000,,,,,,
,320,10,10.2,10153.84615,,,,,,
,320,11,12,8076.923077,,,,,,
,320,12,13.5,6346.153846,,,,,,
,320,13,14.8,4846.153846,,,,,,
,320,14,15.3,4269.230769,,,,,,
,320,15,14.7,4961.538462,,,,,,
,320,16,13.4,6461.538462,,,,,,
,320,17,12.5,7500,,,,,,
,320,18,11.6,8538.461538,,,,,,
,320,19,11.1,9115.384615,,,,,,
,320,20,10.6,9692.307692,,,,,,
,320,21,10.1,10269.23077,,,,,,
,320,22,9.6,10846.15385,,,,,,
,320,23,9.1,11423.07692,,,,,,
,320,24,8.6,12000,,,,,,
,321,1,7.8,12923.07692,,,,,,
,321,2,7.2,13615.38462,,,,,,
,321,3,6.5,14423.07692,,,,,,
,321,4,6.2,14769.23077,,,,,,
,321,5,5.9,15115.38462,,,,,,
,321,6,5.5,15576.92308,,,,,,
,321,7,5.3,15807.69231,,,,,,
,321,8,5.1,16038.46154,,,,,,
,321,9,5.6,15461.53846,,,,,,
,321,10,6.7,14192.30769,,,,,,
,321,11,7.6,13153.84615,,,,,,
,321,12,8.6,12000,,,,,,
,321,13,9.2,11307.69231,,,,,,
,321,14,8.8,11769.23077,,,,,,
,321,15,8,12692.30769,,,,,,
,321,16,7.4,13384.61538,,,,,,
,321,17,6.9,13961.53846,,,,,,
,321,18,6.4,14538.46154,,,,,,
,321,19,5.8,15230.76923,,,,,,
,321,20,5.3,15807.69231,,,,,,
,321,21,4.7,16500,,,,,,
,321,22,4.1,17192.30769,,,,,,
,321,23,3.6,17769.23077,,,,,,
,321,24,3,18461.53846,,,,,,
,322,1,2.5,19038.46154,,,,,,
,322,2,1.9,19730.76923,,,,,,
,322,3,1.4,20307.69231,,,,,,
,322,4,1.1,20653.84615,,,,,,
,322,5,0.8,21000,,,,,,
,322,6,0.6,21230.76923,,,,,,
,322,7,0.4,21461.53846,,,,,,
,322,8,0.2,21692.30769,,,,,,
,322,9,0.9,20884.61538,,,,,,
,322,10,3.8,17538.46154,,,,,,
,322,11,6.2,14769.23077,,,,,,
,322,12,8.1,12576.92308,,,,,,
,322,13,9.4,11076.92308,,,,,,
,322,14,10.1,10269.23077,,,,,,
,322,15,10.3,10038.46154,,,,,,
,322,16,9.6,10846.15385,,,,,,
,322,17,8.2,12461.53846,,,,,,
,322,18,6.6,14307.69231,,,,,,
,322,19,6,15000,,,,,,
,322,20,5.4,15692.30769,,,,,,
,322,21,4.8,16384.61538,,,,,,
,322,22,4.1,17192.30769,,,,,,
,322,23,3.5,17884.61538,,,,,,
,322,24,2.9,18576.92308,,,,,,
,323,1,2.3,19269.23077,,,,,,
,323,2,1.6,20076.92308,,,,,,
,323,3,0.9,20884.61538,,,,,,
,323,4,0.6,21230.76923,,,,,,
,323,5,0.2,21692.30769,,,,,,
,323,6,-0.2,22153.84615,,,,,,
,323,7,-0.4,22384.61538,,,,,,
,323,8,-0.7,22730.76923,,,,,,
,323,9,-0.6,22615.38462,,,,,,
,323,10,0.1,21807.69231,,,,,,
,323,11,0.9,20884.61538,,,,,,
,323,12,2.6,18923.07692,,,,,,
,323,13,3.4,18000,,,,,,
,323,14,4.1,17192.30769,,,,,,
,323,15,4.1,17192.30769,,,,,,
,323,16,3.9,17423.07692,,,,,,
,323,17,3.1,18346.15385,,,,,,
,323,18,2.2,19384.61538,,,,,,
,323,19,2.1,19500,,,,,,
,323,20,1.9,19730.76923,,,,,,
,323,21,1.8,19846.15385,,,,,,
,323,22,1.7,19961.53846,,,,,,
,323,23,1.6,20076.92308,,,,,,
,323,24,1.4,20307.69231,,,,,,
,324,1,1.5,20192.30769,,,,,,
,324,2,1.7,19961.53846,,,,,,
,324,3,1.9,19730.76923,,,,,,
,324,4,2,19615.38462,,,,,,
,324,5,2.1,19500,,,,,,
,324,6,2.2,19384.61538,,,,,,
,324,7,2.3,19269.23077,,,,,,
,324,8,2.4,19153.84615,,,,,,
,324,9,2.9,18576.92308,,,,,,
,324,10,4.3,16961.53846,,,,,,
,324,11,6.5,14423.07692,,,,,,
,324,12,7.1,13730.76923,,,,,,
,324,13,8.2,12461.53846,,,,,,
,324,14,8.5,12115.38462,,,,,,
,324,15,8.8,11769.23077,,,,,,
,324,16,8.4,12230.76923,,,,,,
,324,17,7.7,13038.46154,,,,,,
,324,18,6.8,14076.92308,,,,,,
,324,19,6.7,14192.30769,,,,,,
,324,20,6.7,14192.30769,,,,,,
,324,21,6.6,14307.69231,,,,,,
,324,22,6.6,14307.69231,,,,,,
,324,23,6.5,14423.07692,,,,,,
,324,24,6.5,14423.07692,,,,,,
,325,1,5.9,15115.38462,,,,,,
,325,2,5.9,15115.38462,,,,,,
,325,3,5.7,15346.15385,,,,,,
,325,4,5.6,15461.53846,,,,,,
,325,5,5.5,15576.92308,,,,,,
,325,6,5.4,15692.30769,,,,,,
,325,7,5.3,15807.69231,,,,,,
,325,8,5.2,15923.07692,,,,,,
,325,9,5.6,15461.53846,,,,,,
,325,10,7.1,13730.76923,,,,,,
,325,11,8.1,12576.92308,,,,,,
,325,12,9,11538.46154,,,,,,
,325,13,9.1,11423.07692,,,,,,
,325,14,8.6,12000,,,,,,
,325,15,8.6,12000,,,,,,
,325,16,8.3,12346.15385,,,,,,
,325,17,7.8,12923.07692,,,,,,
,325,18,7.3,13500,,,,,,
,325,19,6.9,13961.53846,,,,,,
,325,20,6.5,14423.07692,,,,,,
,325,21,6.1,14884.61538,,,,,,
,325,22,5.6,15461.53846,,,,,,
,325,23,5.3,15807.69231,,,,,,
,325,24,4.9,16269.23077,,,,,,
,326,1,4.4,16846.15385,,,,,,
,326,2,3.9,17423.07692,,,,,,
,326,3,3.4,18000,,,,,,
,326,4,3.2,18230.76923,,,,,,
,326,5,2.9,18576.92308,,,,,,
,326,6,2.6,18923.07692,,,,,,
,326,7,2.4,19153.84615,,,,,,
,326,8,2.2,19384.61538,,,,,,
,326,9,2.5,19038.46154,,,,,,
,326,10,3.7,17653.84615,,,,,,
,326,11,4.1,17192.30769,,,,,,
,326,12,5,16153.84615,,,,,,
,326,13,5.7,15346.15385,,,,,,
,326,14,5.9,15115.38462,,,,,,
,326,15,5.3,15807.69231,,,,,,
,326,16,5.5,15576.92308,,,,,,
,326,17,5,16153.84615,,,,,,
,326,18,4.3,16961.53846,,,,,,
,326,19,4,17307.69231,,,,,,
,326,20,4,17307.69231,,,,,,
,326,21,3.8,17538.46154,,,,,,
,326,22,3.6,17769.23077,,,,,,
,326,23,3.4,18000,,,,,,
,326,24,3.2,18230.76923,,,,,,
,327,1,3.2,18230.76923,,,,,,
,327,2,3.2,18230.76923,,,,,,
,327,3,3.2,18230.76923,,,,,,
,327,4,3.1,18346.15385,,,,,,
,327,5,3.4,18000,,,,,,
,327,6,3.5,17884.61538,,,,,,
,327,7,3.5,17884.61538,,,,,,
,327,8,3.6,17769.23077,,,,,,
,327,9,3.7,17653.84615,,,,,,
,327,10,5.5,15576.92308,,,,,,
,327,11,6.5,14423.07692,,,,,,
,327,12,7.4,13384.61538,,,,,,
,327,13,8.4,12230.76923,,,,,,
,327,14,8.9,11653.84615,,,,,,
,327,15,8.6,12000,,,,,,
,327,16,7.7,13038.46154,,,,,,
,327,17,7,13846.15385,,,,,,
,327,18,6.5,14423.07692,,,,,,
,327,19,6.3,14653.84615,,,,,,
,327,20,6.2,14769.23077,,,,,,
,327,21,6.1,14884.61538,,,,,,
,327,22,6,15000,,,,,,
,327,23,5.8,15230.76923,,,,,,
,327,24,5.7,15346.15385,,,,,,
,328,1,5.4,15692.30769,,,,,,
,328,2,5,16153.84615,,,,,,
,328,3,4.7,16500,,,,,,
,328,4,4.5,16730.76923,,,,,,
,328,5,4.3,16961.53846,,,,,,
,328,6,4.1,17192.30769,,,,,,
,328,7,4,17307.69231,,,,,,
,328,8,3.9,17423.07692,,,,,,
,328,9,4.4,16846.15385,,,,,,
,328,10,6.5,14423.07692,,,,,,
,328,11,8.2,12461.53846,,,,,,
,328,12,9.8,10615.38462,,,,,,
,328,13,11.2,9000,,,,,,
,328,14,12.1,7961.538462,,,,,,
,328,15,11.9,8192.307692,,,,,,
,328,16,11.2,9000,,,,,,
,328,17,10.1,10269.23077,,,,,,
,328,18,8.9,11653.84615,,,,,,
,328,19,8.6,12000,,,,,,
,328,20,8.3,12346.15385,,,,,,
,328,21,7.9,12807.69231,,,,,,
,328,22,7.6,13153.84615,,,,,,
,328,23,7.3,13500,,,,,,
,328,24,7,13846.15385,,,,,,
,329,1,6.6,14307.69231,,,,,,
,329,2,6.2,14769.23077,,,,,,
,329,3,5.8,15230.76923,,,,,,
,329,4,5.6,15461.53846,,,,,,
,329,5,5.3,15807.69231,,,,,,
,329,6,5.1,16038.46154,,,,,,
,329,7,5,16153.84615,,,,,,
,329,8,4.8,16384.61538,,,,,,
,329,9,4.8,16384.61538,,,,,,
,329,10,4.9,16269.23077,,,,,,
,329,11,5,16153.84615,,,,,,
,329,12,5.1,16038.46154,,,,,,
,329,13,5.1,16038.46154,,,,,,
,329,14,5.2,15923.07692,,,,,,
,329,15,5.1,16038.46154,,,,,,
,329,16,5,16153.84615,,,,,,
,329,17,4.3,16961.53846,,,,,,
,329,18,4.6,16615.38462,,,,,,
,329,19,4.3,16961.53846,,,,,,
,329,20,4.2,17076.92308,,,,,,
,329,21,3.9,17423.07692,,,,,,
,329,22,3.7,17653.84615,,,,,,
,329,23,3.4,18000,,,,,,
,329,24,3.1,18346.15385,,,,,,
,330,1,3,18461.53846,,,,,,
,330,2,2.7,18807.69231,,,,,,
,330,3,2.6,18923.07692,,,,,,
,330,4,2.5,19038.46154,,,,,,
,330,5,2.4,19153.84615,,,,,,
,330,6,2.3,19269.23077,,,,,,
,330,7,2.2,19384.61538,,,,,,
,330,8,2,19615.38462,,,,,,
,330,9,2,19615.38462,,,,,,
,330,10,2.1,19500,,,,,,
,330,11,2.9,18576.92308,,,,,,
,330,12,3.3,18115.38462,,,,,,
,330,13,3.5,17884.61538,,,,,,
,330,14,3.6,17769.23077,,,,,,
,330,15,3.6,17769.23077,,,,,,
,330,16,3.5,17884.61538,,,,,,
,330,17,3.2,18230.76923,,,,,,
,330,18,3,18461.53846,,,,,,
,330,19,2.7,18807.69231,,,,,,
,330,20,2.5,19038.46154,,,,,,
,330,21,2.2,19384.61538,,,,,,
,330,22,2,19615.38462,,,,,,
,330,23,1.7,19961.53846,,,,,,
,330,24,1.5,20192.30769,,,,,,
,331,1,1,20769.23077,,,,,,
,331,2,0.4,21461.53846,,,,,,
,331,3,-0.1,22038.46154,,,,,,
,331,4,-0.5,22500,,,,,,
,331,5,-0.9,22961.53846,,,,,,
,331,6,-1.2,23307.69231,,,,,,
,331,7,-1.5,23653.84615,,,,,,
,331,8,-1.8,24000,,,,,,
,331,9,-1.7,23884.61538,,,,,,
,331,10,0,21923.07692,,,,,,
,331,11,1.4,20307.69231,,,,,,
,331,12,2.6,18923.07692,,,,,,
,331,13,3.4,18000,,,,,,
,331,14,3.9,17423.07692,,,,,,
,331,15,4,17307.69231,,,,,,
,331,16,3.5,17884.61538,,,,,,
,331,17,2.4,19153.84615,,,,,,
,331,18,1.3,20423.07692,,,,,,
,331,19,0.8,21000,,,,,,
,331,20,0.3,21576.92308,,,,,,
,331,21,-0.2,22153.84615,,,,,,
,331,22,-0.7,22730.76923,,,,,,
,331,23,-1.2,23307.69231,,,,,,
,331,24,-1.7,23884.61538,,,,,,
,332,1,-1.7,23884.61538,,,,,,
,332,2,-1.7,23884.61538,,,,,,
,332,3,-1.6,23769.23077,,,,,,
,332,4,-1.5,23653.84615,,,,,,
,332,5,-1.5,23653.84615,,,,,,
,332,6,-1.4,23538.46154,,,,,,
,332,7,-1.3,23423.07692,,,,,,
,332,8,-1.3,23423.07692,,,,,,
,332,9,-0.9,22961.53846,,,,,,
,332,10,1.7,19961.53846,,,,,,
,332,11,4.1,17192.30769,,,,,,
,332,12,6.4,14538.46154,,,,,,
,332,13,7.9,12807.69231,,,,,,
,332,14,8.7,11884.61538,,,,,,
,332,15,9.1,11423.07692,,,,,,
,332,16,8.6,12000,,,,,,
,332,17,7.3,13500,,,,,,
,332,18,5.8,15230.76923,,,,,,
,332,19,5.7,15346.15385,,,,,,
,332,20,5.5,15576.92308,,,,,,
,332,21,5.3,15807.69231,,,,,,
,332,22,5.1,16038.46154,,,,,,
,332,23,5,16153.84615,,,,,,
,332,24,4.8,16384.61538,,,,,,
,333,1,4.4,16846.15385,,,,,,
,333,2,4,17307.69231,,,,,,
,333,3,3.6,17769.23077,,,,,,
,333,4,3.3,18115.38462,,,,,,
,333,5,3.1,18346.15385,,,,,,
,333,6,2.9,18576.92308,,,,,,
,333,7,2.7,18807.69231,,,,,,
,333,8,2.6,18923.07692,,,,,,
,333,9,2.8,18692.30769,,,,,,
,333,10,4.6,16615.38462,,,,,,
,333,11,6.1,14884.61538,,,,,,
,333,12,7.6,13153.84615,,,,,,
,333,13,8.9,11653.84615,,,,,,
,333,14,9.6,10846.15385,,,,,,
,333,15,10,10384.61538,,,,,,
,333,16,9.8,10615.38462,,,,,,
,333,17,8.5,12115.38462,,,,,,
,333,18,8.1,12576.92308,,,,,,
,333,19,7.7,13038.46154,,,,,,
,333,20,7.3,13500,,,,,,
,333,21,7,13846.15385,,,,,,
,333,22,6.6,14307.69231,,,,,,
,333,23,6.2,14769.23077,,,,,,
,333,24,5.8,15230.76923,,,,,,
,334,1,5.5,15576.92308,,,,,,
,334,2,5.2,15923.07692,,,,,,
,334,3,4.9,16269.23077,,,,,,
,334,4,4.7,16500,,,,,,
,334,5,4.6,16615.38462,,,,,,
,334,6,4.4,16846.15385,,,,,,
,334,7,4.3,16961.53846,,,,,,
,334,8,4.2,17076.92308,,,,,,
,334,9,4.5,16730.76923,,,,,,
,334,10,6.6,14307.69231,,,,,,
,334,11,8.9,11653.84615,,,,,,
,334,12,10.7,9576.923077,,,,,,
,334,13,11.9,8192.307692,,,,,,
,334,14,12.6,7384.615385,,,,,,
,334,15,12.7,7269.230769,,,,,,
,334,16,12,8076.923077,,,,,,
,334,17,10.6,9692.307692,,,,,,
,334,18,10.3,10038.46154,,,,,,
,334,19,10.1,10269.23077,,,,,,
,334,20,9.8,10615.38462,,,,,,
,334,21,9.5,10961.53846,,,,,,
,334,22,9.2,11307.69231,,,,,,
,334,23,8.9,11653.84615,,,,,,
,334,24,8.7,11884.61538,,,,,,
decembre,335,1,8.4,12230.76923,,,,,,
,335,2,8.2,12461.53846,,,,,,
,335,3,8,12692.30769,,,,,,
,335,4,7.9,12807.69231,,,,,,
,335,5,7.8,12923.07692,,,,,,
,335,6,7.7,13038.46154,,,,,,
,335,7,7.6,13153.84615,,,,,,
,335,8,7.6,13153.84615,,,,,,
,335,9,7.8,12923.07692,,,,,,
,335,10,10,10384.61538,,,,,,
,335,11,11,9230.769231,,,,,,
,335,12,11.5,8653.846154,,,,,,
,335,13,12.8,7153.846154,,,,,,
,335,14,13.5,6346.153846,,,,,,
,335,15,13.9,5884.615385,,,,,,
,335,16,13.5,6346.153846,,,,,,
,335,17,12.5,7500,,,,,,
,335,18,12,8076.923077,,,,,,
,335,19,11.4,8769.230769,,,,,,
,335,20,10.8,9461.538462,,,,,,
,335,21,10.2,10153.84615,,,,,,
,335,22,9.6,10846.15385,,,,,,
,335,23,9.1,11423.07692,,,,,,
,335,24,8.5,12115.38462,,,,,,
,336,1,7.8,12923.07692,,,,,,
,336,2,7.1,13730.76923,,,,,,
,336,3,6.5,14423.07692,,,,,,
,336,4,6.2,14769.23077,,,,,,
,336,5,5.9,15115.38462,,,,,,
,336,6,5.6,15461.53846,,,,,,
,336,7,5.5,15576.92308,,,,,,
,336,8,5.3,15807.69231,,,,,,
,336,9,5.6,15461.53846,,,,,,
,336,10,8,12692.30769,,,,,,
,336,11,10.3,10038.46154,,,,,,
,336,12,12.3,7730.769231,,,,,,
,336,13,13.9,5884.615385,,,,,,
,336,14,14.8,4846.153846,,,,,,
,336,15,15.1,4500,,,,,,
,336,16,14.6,5076.923077,,,,,,
,336,17,13.1,6807.692308,,,,,,
,336,18,12.4,7615.384615,,,,,,
,336,19,11.7,8423.076923,,,,,,
,336,20,11.1,9115.384615,,,,,,
,336,21,10.4,9923.076923,,,,,,
,336,22,9.8,10615.38462,,,,,,
,336,23,9.1,11423.07692,,,,,,
,336,24,8.5,12115.38462,,,,,,
,337,1,7.6,13153.84615,,,,,,
,337,2,6.8,14076.92308,,,,,,
,337,3,5.9,15115.38462,,,,,,
,337,4,5.5,15576.92308,,,,,,
,337,5,5.1,16038.46154,,,,,,
,337,6,4.6,16615.38462,,,,,,
,337,7,4.3,16961.53846,,,,,,
,337,8,4,17307.69231,,,,,,
,337,9,4.2,17076.92308,,,,,,
,337,10,6.7,14192.30769,,,,,,
,337,11,9.2,11307.69231,,,,,,
,337,12,11.2,9000,,,,,,
,337,13,12.8,7153.846154,,,,,,
,337,14,13.8,6000,,,,,,
,337,15,14.2,5538.461538,,,,,,
,337,16,13.6,6230.769231,,,,,,
,337,17,11.8,8307.692308,,,,,,
,337,18,11,9230.769231,,,,,,
,337,19,10.2,10153.84615,,,,,,
,337,20,9.5,10961.53846,,,,,,
,337,21,8.7,11884.61538,,,,,,
,337,22,7.9,12807.69231,,,,,,
,337,23,7.1,13730.76923,,,,,,
,337,24,6.3,14653.84615,,,,,,
,338,1,5.6,15461.53846,,,,,,
,338,2,4.8,16384.61538,,,,,,
,338,3,4,17307.69231,,,,,,
,338,4,3.6,17769.23077,,,,,,
,338,5,3.2,18230.76923,,,,,,
,338,6,2.8,18692.30769,,,,,,
,338,7,2.5,19038.46154,,,,,,
,338,8,2.2,19384.61538,,,,,,
,338,9,2.4,19153.84615,,,,,,
,338,10,4.1,17192.30769,,,,,,
,338,11,5.4,15692.30769,,,,,,
,338,12,6.9,13961.53846,,,,,,
,338,13,8,12692.30769,,,,,,
,338,14,9.4,11076.92308,,,,,,
,338,15,10.1,10269.23077,,,,,,
,338,16,9.9,10500,,,,,,
,338,17,8.5,12115.38462,,,,,,
,338,18,7.8,12923.07692,,,,,,
,338,19,7.1,13730.76923,,,,,,
,338,20,6.4,14538.46154,,,,,,
,338,21,5.8,15230.76923,,,,,,
,338,22,5.1,16038.46154,,,,,,
,338,23,4.4,16846.15385,,,,,,
,338,24,3.7,17653.84615,,,,,,
,339,1,3.2,18230.76923,,,,,,
,339,2,2.7,18807.69231,,,,,,
,339,3,2.1,19500,,,,,,
,339,4,1.8,19846.15385,,,,,,
,339,5,1.5,20192.30769,,,,,,
,339,6,1.3,20423.07692,,,,,,
,339,7,1.1,20653.84615,,,,,,
,339,8,0.9,20884.61538,,,,,,
,339,9,0.9,20884.61538,,,,,,
,339,10,2.5,19038.46154,,,,,,
,339,11,4.4,16846.15385,,,,,,
,339,12,6.3,14653.84615,,,,,,
,339,13,6.7,14192.30769,,,,,,
,339,14,7.4,13384.61538,,,,,,
,339,15,7.9,12807.69231,,,,,,
,339,16,7.5,13269.23077,,,,,,
,339,17,6.3,14653.84615,,,,,,
,339,18,5.8,15230.76923,,,,,,
,339,19,5.3,15807.69231,,,,,,
,339,20,4.8,16384.61538,,,,,,
,339,21,4.3,16961.53846,,,,,,
,339,22,3.8,17538.46154,,,,,,
,339,23,3.3,18115.38462,,,,,,
,339,24,2.8,18692.30769,,,,,,
,340,1,2.4,19153.84615,,,,,,
,340,2,1.9,19730.76923,,,,,,
,340,3,1.5,20192.30769,,,,,,
,340,4,1.3,20423.07692,,,,,,
,340,5,0.8,21000,,,,,,
,340,6,0.8,21000,,,,,,
,340,7,0.6,21230.76923,,,,,,
,340,8,0.5,21346.15385,,,,,,
,340,9,0.5,21346.15385,,,,,,
,340,10,0.7,21115.38462,,,,,,
,340,11,0.8,21000,,,,,,
,340,12,1,20769.23077,,,,,,
,340,13,1.2,20538.46154,,,,,,
,340,14,2.7,18807.69231,,,,,,
,340,15,3.3,18115.38462,,,,,,
,340,16,3.6,17769.23077,,,,,,
,340,17,3,18461.53846,,,,,,
,340,18,2.9,18576.92308,,,,,,
,340,19,2.7,18807.69231,,,,,,
,340,20,2.6,18923.07692,,,,,,
,340,21,2.4,19153.84615,,,,,,
,340,22,2.3,19269.23077,,,,,,
,340,23,2.1,19500,,,,,,
,340,24,2,19615.38462,,,,,,
,341,1,1.9,19730.76923,,,,,,
,341,2,1.9,19730.76923,,,,,,
,341,3,1.5,20192.30769,,,,,,
,341,4,1.9,19730.76923,,,,,,
,341,5,1.9,19730.76923,,,,,,
,341,6,1.9,19730.76923,,,,,,
,341,7,1.8,19846.15385,,,,,,
,341,8,1.9,19730.76923,,,,,,
,341,9,1.9,19730.76923,,,,,,
,341,10,2.9,18576.92308,,,,,,
,341,11,3.7,17653.84615,,,,,,
,341,12,4.5,16730.76923,,,,,,
,341,13,5.2,15923.07692,,,,,,
,341,14,5.5,15576.92308,,,,,,
,341,15,5.6,15461.53846,,,,,,
,341,16,5.4,15692.30769,,,,,,
,341,17,4.8,16384.61538,,,,,,
,341,18,4.7,16500,,,,,,
,341,19,4.5,16730.76923,,,,,,
,341,20,4.3,16961.53846,,,,,,
,341,21,4.1,17192.30769,,,,,,
,341,22,4,17307.69231,,,,,,
,341,23,3.8,17538.46154,,,,,,
,341,24,3.6,17769.23077,,,,,,
,342,1,3.4,18000,,,,,,
,342,2,3.2,18230.76923,,,,,,
,342,3,2.9,18576.92308,,,,,,
,342,4,2.8,18692.30769,,,,,,
,342,5,2.7,18807.69231,,,,,,
,342,6,2.6,18923.07692,,,,,,
,342,7,2.5,19038.46154,,,,,,
,342,8,2.4,19153.84615,,,,,,
,342,9,2.7,18807.69231,,,,,,
,342,10,5.8,15230.76923,,,,,,
,342,11,7.8,12923.07692,,,,,,
,342,12,9.4,11076.92308,,,,,,
,342,13,10.4,9923.076923,,,,,,
,342,14,10.8,9461.538462,,,,,,
,342,15,10.6,9692.307692,,,,,,
,342,16,9.9,10500,,,,,,
,342,17,8.6,12000,,,,,,
,342,18,8.3,12346.15385,,,,,,
,342,19,8,12692.30769,,,,,,
,342,20,7.7,13038.46154,,,,,,
,342,21,7.4,13384.61538,,,,,,
,342,22,7.1,13730.76923,,,,,,
,342,23,6.8,14076.92308,,,,,,
,342,24,6.5,14423.07692,,,,,,
,343,1,6.2,14769.23077,,,,,,
,343,2,5.9,15115.38462,,,,,,
,343,3,5.6,15461.53846,,,,,,
,343,4,5.5,15576.92308,,,,,,
,343,5,5.4,15692.30769,,,,,,
,343,6,5.2,15923.07692,,,,,,
,343,7,5.1,16038.46154,,,,,,
,343,8,5,16153.84615,,,,,,
,343,9,5.1,16038.46154,,,,,,
,343,10,5.6,15461.53846,,,,,,
,343,11,7.2,13615.38462,,,,,,
,343,12,10.7,9576.923077,,,,,,
,343,13,12.2,7846.153846,,,,,,
,343,14,13.2,6692.307692,,,,,,
,343,15,13.4,6461.538462,,,,,,
,343,16,12.3,7730.769231,,,,,,
,343,17,11,9230.769231,,,,,,
,343,18,11,9230.769231,,,,,,
,343,19,10.9,9346.153846,,,,,,
,343,20,10.9,9346.153846,,,,,,
,343,21,10.8,9461.538462,,,,,,
,343,22,10.8,9461.538462,,,,,,
,343,23,10.7,9576.923077,,,,,,
,343,24,10.7,9576.923077,,,,,,
,344,1,10.6,9692.307692,,,,,,
,344,2,10.6,9692.307692,,,,,,
,344,3,10.6,9692.307692,,,,,,
,344,4,10.6,9692.307692,,,,,,
,344,5,10.5,9807.692308,,,,,,
,344,6,10.5,9807.692308,,,,,,
,344,7,10.5,9807.692308,,,,,,
,344,8,10.5,9807.692308,,,,,,
,344,9,10.6,9692.307692,,,,,,
,344,10,11.2,9000,,,,,,
,344,11,11.9,8192.307692,,,,,,
,344,12,12.5,7500,,,,,,
,344,13,12.8,7153.846154,,,,,,
,344,14,13,6923.076923,,,,,,
,344,15,13.1,6807.692308,,,,,,
,344,16,12.8,7153.846154,,,,,,
,344,17,12.5,7500,,,,,,
,344,18,12.1,7961.538462,,,,,,
,344,19,12,8076.923077,,,,,,
,344,20,11.9,8192.307692,,,,,,
,344,21,11.7,8423.076923,,,,,,
,344,22,10.9,9346.153846,,,,,,
,344,23,11.3,8884.615385,,,,,,
,344,24,11.2,9000,,,,,,
,345,1,10.9,9346.153846,,,,,,
,345,2,10.6,9692.307692,,,,,,
,345,3,10.3,10038.46154,,,,,,
,345,4,10.2,10153.84615,,,,,,
,345,5,9.7,10730.76923,,,,,,
,345,6,10,10384.61538,,,,,,
,345,7,10,10384.61538,,,,,,
,345,8,9.9,10500,,,,,,
,345,9,9.9,10500,,,,,,
,345,10,10.4,9923.076923,,,,,,
,345,11,11,9230.769231,,,,,,
,345,12,11.6,8538.461538,,,,,,
,345,13,12,8076.923077,,,,,,
,345,14,12.4,7615.384615,,,,,,
,345,15,12.5,7500,,,,,,
,345,16,12.4,7615.384615,,,,,,
,345,17,12,8076.923077,,,,,,
,345,18,11.6,8538.461538,,,,,,
,345,19,11.2,9000,,,,,,
,345,20,10.8,9461.538462,,,,,,
,345,21,10.4,9923.076923,,,,,,
,345,22,10,10384.61538,,,,,,
,345,23,9.6,10846.15385,,,,,,
,345,24,9.2,11307.69231,,,,,,
,346,1,8.3,12346.15385,,,,,,
,346,2,7.3,13500,,,,,,
,346,3,6.4,14538.46154,,,,,,
,346,4,5.9,15115.38462,,,,,,
,346,5,5.4,15692.30769,,,,,,
,346,6,4.9,16269.23077,,,,,,
,346,7,4.5,16730.76923,,,,,,
,346,8,4.2,17076.92308,,,,,,
,346,9,4.2,17076.92308,,,,,,
,346,10,6.1,14884.61538,,,,,,
,346,11,8.2,12461.53846,,,,,,
,346,12,10.1,10269.23077,,,,,,
,346,13,11.6,8538.461538,,,,,,
,346,14,12.2,7846.153846,,,,,,
,346,15,12.3,7730.769231,,,,,,
,346,16,11.5,8653.846154,,,,,,
,346,17,9.9,10500,,,,,,
,346,18,9.3,11192.30769,,,,,,
,346,19,8.7,11884.61538,,,,,,
,346,20,8.1,12576.92308,,,,,,
,346,21,7.5,13269.23077,,,,,,
,346,22,6.9,13961.53846,,,,,,
,346,23,6.3,14653.84615,,,,,,
,346,24,5.7,15346.15385,,,,,,
,347,1,5.4,15692.30769,,,,,,
,347,2,5,16153.84615,,,,,,
,347,3,4.7,16500,,,,,,
,347,4,4.5,16730.76923,,,,,,
,347,5,4.4,16846.15385,,,,,,
,347,6,4.2,17076.92308,,,,,,
,347,7,4.1,17192.30769,,,,,,
,347,8,4,17307.69231,,,,,,
,347,9,4,17307.69231,,,,,,
,347,10,4.1,17192.30769,,,,,,
,347,11,4.4,16846.15385,,,,,,
,347,12,4.6,16615.38462,,,,,,
,347,13,4.9,16269.23077,,,,,,
,347,14,6.3,14653.84615,,,,,,
,347,15,7.1,13730.76923,,,,,,
,347,16,7.3,13500,,,,,,
,347,17,6.8,14076.92308,,,,,,
,347,18,6.5,14423.07692,,,,,,
,347,19,6.1,14884.61538,,,,,,
,347,20,5.8,15230.76923,,,,,,
,347,21,5.5,15576.92308,,,,,,
,347,22,5.2,15923.07692,,,,,,
,347,23,4.8,16384.61538,,,,,,
,347,24,4.5,16730.76923,,,,,,
,348,1,4.2,17076.92308,,,,,,
,348,2,3.8,17538.46154,,,,,,
,348,3,3.5,17884.61538,,,,,,
,348,4,3.3,18115.38462,,,,,,
,348,5,3.2,18230.76923,,,,,,
,348,6,3,18461.53846,,,,,,
,348,7,2.9,18576.92308,,,,,,
,348,8,2.7,18807.69231,,,,,,
,348,9,2.8,18692.30769,,,,,,
,348,10,3,18461.53846,,,,,,
,348,11,3.2,18230.76923,,,,,,
,348,12,3.5,17884.61538,,,,,,
,348,13,3.7,17653.84615,,,,,,
,348,14,5.5,15576.92308,,,,,,
,348,15,6.5,14423.07692,,,,,,
,348,16,6.8,14076.92308,,,,,,
,348,17,6.1,14884.61538,,,,,,
,348,18,5.9,15115.38462,,,,,,
,348,19,5.7,15346.15385,,,,,,
,348,20,5.5,15576.92308,,,,,,
,348,21,5.3,15807.69231,,,,,,
,348,22,5,16153.84615,,,,,,
,348,23,4.8,16384.61538,,,,,,
,348,24,4.6,16615.38462,,,,,,
,349,1,4.4,16846.15385,,,,,,
,349,2,4.3,16961.53846,,,,,,
,349,3,4.1,17192.30769,,,,,,
,349,4,4.1,17192.30769,,,,,,
,349,5,4,17307.69231,,,,,,
,349,6,3.9,17423.07692,,,,,,
,349,7,3.9,17423.07692,,,,,,
,349,8,3.9,17423.07692,,,,,,
,349,9,4,17307.69231,,,,,,
,349,10,5.4,15692.30769,,,,,,
,349,11,6.8,14076.92308,,,,,,
,349,12,8.3,12346.15385,,,,,,
,349,13,9,11538.46154,,,,,,
,349,14,9.2,11307.69231,,,,,,
,349,15,9.4,11076.92308,,,,,,
,349,16,8.8,11769.23077,,,,,,
,349,17,7.9,12807.69231,,,,,,
,349,18,7.4,13384.61538,,,,,,
,349,19,6.8,14076.92308,,,,,,
,349,20,6.2,14769.23077,,,,,,
,349,21,5.7,15346.15385,,,,,,
,349,22,5.1,16038.46154,,,,,,
,349,23,4.6,16615.38462,,,,,,
,349,24,4,17307.69231,,,,,,
,350,1,3,18461.53846,,,,,,
,350,2,1.9,19730.76923,,,,,,
,350,3,0.7,21115.38462,,,,,,
,350,4,0.1,21807.69231,,,,,,
,350,5,-0.5,22500,,,,,,
,350,6,-1.2,23307.69231,,,,,,
,350,7,-1.6,23769.23077,,,,,,
,350,8,-2.1,24346.15385,,,,,,
,350,9,-2.1,24346.15385,,,,,,
,350,10,-0.8,22846.15385,,,,,,
,350,11,0.4,21461.53846,,,,,,
,350,12,1.7,19961.53846,,,,,,
,350,13,2.6,18923.07692,,,,,,
,350,14,2.6,18923.07692,,,,,,
,350,15,2.4,19153.84615,,,,,,
,350,16,1.4,20307.69231,,,,,,
,350,17,0.4,21461.53846,,,,,,
,350,18,0,21923.07692,,,,,,
,350,19,-0.4,22384.61538,,,,,,
,350,20,-0.8,22846.15385,,,,,,
,350,21,-1.1,23192.30769,,,,,,
,350,22,-1.5,23653.84615,,,,,,
,350,23,-1.9,24115.38462,,,,,,
,350,24,-2.2,24461.53846,,,,,,
,351,1,-2.2,24461.53846,,,,,,
,351,2,-2.1,24346.15385,,,,,,
,351,3,-2,24230.76923,,,,,,
,351,4,-2,24230.76923,,,,,,
,351,5,-2,24230.76923,,,,,,
,351,6,-2,24230.76923,,,,,,
,351,7,-2,24230.76923,,,,,,
,351,8,-1.9,24115.38462,,,,,,
,351,9,-1.9,24115.38462,,,,,,
,351,10,-0.7,22730.76923,,,,,,
,351,11,0.8,21000,,,,,,
,351,12,2.2,19384.61538,,,,,,
,351,13,3.2,18230.76923,,,,,,
,351,14,4,17307.69231,,,,,,
,351,15,4.1,17192.30769,,,,,,
,351,16,3.7,17653.84615,,,,,,
,351,17,2.7,18807.69231,,,,,,
,351,18,3.1,18346.15385,,,,,,
,351,19,3.6,17769.23077,,,,,,
,351,20,4,17307.69231,,,,,,
,351,21,4.5,16730.76923,,,,,,
,351,22,5,16153.84615,,,,,,
,351,23,5.4,15692.30769,,,,,,
,351,24,5.9,15115.38462,,,,,,
,352,1,5.9,15115.38462,,,,,,
,352,2,6,15000,,,,,,
,352,3,6.1,14884.61538,,,,,,
,352,4,6.1,14884.61538,,,,,,
,352,5,6.2,14769.23077,,,,,,
,352,6,6.2,14769.23077,,,,,,
,352,7,6.2,14769.23077,,,,,,
,352,8,6.3,14653.84615,,,,,,
,352,9,6.3,14653.84615,,,,,,
,352,10,6.7,14192.30769,,,,,,
,352,11,7.3,13500,,,,,,
,352,12,7.9,12807.69231,,,,,,
,352,13,8.4,12230.76923,,,,,,
,352,14,8.7,11884.61538,,,,,,
,352,15,8.8,11769.23077,,,,,,
,352,16,8.7,11884.61538,,,,,,
,352,17,8.3,12346.15385,,,,,,
,352,18,8.2,12461.53846,,,,,,
,352,19,8,12692.30769,,,,,,
,352,20,7.7,13038.46154,,,,,,
,352,21,7.8,12923.07692,,,,,,
,352,22,7,13846.15385,,,,,,
,352,23,7.3,13500,,,,,,
,352,24,7.4,13384.61538,,,,,,
,353,1,7.3,13500,,,,,,
,353,2,7.1,13730.76923,,,,,,
,353,3,6.8,14076.92308,,,,,,
,353,4,6.7,14192.30769,,,,,,
,353,5,6.6,14307.69231,,,,,,
,353,6,6.5,14423.07692,,,,,,
,353,7,6.4,14538.46154,,,,,,
,353,8,6.3,14653.84615,,,,,,
,353,9,6.3,14653.84615,,,,,,
,353,10,7.1,13730.76923,,,,,,
,353,11,8.2,12461.53846,,,,,,
,353,12,9.1,11423.07692,,,,,,
,353,13,9.8,10615.38462,,,,,,
,353,14,10.2,10153.84615,,,,,,
,353,15,10.2,10153.84615,,,,,,
,353,16,9.9,10500,,,,,,
,353,17,9.2,11307.69231,,,,,,
,353,18,9,11538.46154,,,,,,
,353,19,8.8,11769.23077,,,,,,
,353,20,8.7,11884.61538,,,,,,
,353,21,8.5,12115.38462,,,,,,
,353,22,8.3,12346.15385,,,,,,
,353,23,7.9,12807.69231,,,,,,
,353,24,7.9,12807.69231,,,,,,
,354,1,7.7,13038.46154,,,,,,
,354,2,7.6,13153.84615,,,,,,
,354,3,7.5,13269.23077,,,,,,
,354,4,7.5,13269.23077,,,,,,
,354,5,7.4,13384.61538,,,,,,
,354,6,7.4,13384.61538,,,,,,
,354,7,7.4,13384.61538,,,,,,
,354,8,7.4,13384.61538,,,,,,
,354,9,7.5,13269.23077,,,,,,
,354,10,7.7,13038.46154,,,,,,
,354,11,8.7,11884.61538,,,,,,
,354,12,9.7,10730.76923,,,,,,
,354,13,11,9230.769231,,,,,,
,354,14,12.1,7961.538462,,,,,,
,354,15,12.5,7500,,,,,,
,354,16,12.4,7615.384615,,,,,,
,354,17,11.6,8538.461538,,,,,,
,354,18,11.1,9115.384615,,,,,,
,354,19,10.6,9692.307692,,,,,,
,354,20,10.1,10269.23077,,,,,,
,354,21,9.6,10846.15385,,,,,,
,354,22,9,11538.46154,,,,,,
,354,23,8.5,12115.38462,,,,,,
,354,24,7.9,12807.69231,,,,,,
,355,1,7.3,13500,,,,,,
,355,2,6.5,14423.07692,,,,,,
,355,3,5.7,15346.15385,,,,,,
,355,4,5.2,15923.07692,,,,,,
,355,5,4.8,16384.61538,,,,,,
,355,6,4.3,16961.53846,,,,,,
,355,7,3.9,17423.07692,,,,,,
,355,8,3.6,17769.23077,,,,,,
,355,9,3.5,17884.61538,,,,,,
,355,10,3.9,17423.07692,,,,,,
,355,11,4.8,16384.61538,,,,,,
,355,12,5.2,15923.07692,,,,,,
,355,13,5.2,15923.07692,,,,,,
,355,14,5.3,15807.69231,,,,,,
,355,15,5.7,15346.15385,,,,,,
,355,16,5.7,15346.15385,,,,,,
,355,17,5.1,16038.46154,,,,,,
,355,18,4.9,16269.23077,,,,,,
,355,19,4.7,16500,,,,,,
,355,20,4.5,16730.76923,,,,,,
,355,21,4.3,16961.53846,,,,,,
,355,22,4.1,17192.30769,,,,,,
,355,23,3.9,17423.07692,,,,,,
,355,24,3.7,17653.84615,,,,,,
,356,1,3.9,17423.07692,,,,,,
,356,2,4.2,17076.92308,,,,,,
,356,3,4.1,17192.30769,,,,,,
,356,4,4.6,16615.38462,,,,,,
,356,5,4.8,16384.61538,,,,,,
,356,6,4.9,16269.23077,,,,,,
,356,7,5.1,16038.46154,,,,,,
,356,8,5.2,15923.07692,,,,,,
,356,9,5.3,15807.69231,,,,,,
,356,10,6.5,14423.07692,,,,,,
,356,11,7.6,13153.84615,,,,,,
,356,12,8.5,12115.38462,,,,,,
,356,13,9.3,11192.30769,,,,,,
,356,14,9.7,10730.76923,,,,,,
,356,15,9.7,10730.76923,,,,,,
,356,16,9.4,11076.92308,,,,,,
,356,17,8.8,11769.23077,,,,,,
,356,18,8.6,12000,,,,,,
,356,19,8.3,12346.15385,,,,,,
,356,20,8,12692.30769,,,,,,
,356,21,7.8,12923.07692,,,,,,
,356,22,7.5,13269.23077,,,,,,
,356,23,7.3,13500,,,,,,
,356,24,7,13846.15385,,,,,,
,357,1,6.2,14769.23077,,,,,,
,357,2,5.2,15923.07692,,,,,,
,357,3,4.4,16846.15385,,,,,,
,357,4,4,17307.69231,,,,,,
,357,5,3.5,17884.61538,,,,,,
,357,6,2.5,19038.46154,,,,,,
,357,7,2.6,18923.07692,,,,,,
,357,8,2.3,19269.23077,,,,,,
,357,9,2.2,19384.61538,,,,,,
,357,10,2.3,19269.23077,,,,,,
,357,11,2.5,19038.46154,,,,,,
,357,12,2.5,19038.46154,,,,,,
,357,13,2.7,18807.69231,,,,,,
,357,14,2.6,18923.07692,,,,,,
,357,15,2.5,19038.46154,,,,,,
,357,16,2.4,19153.84615,,,,,,
,357,17,2.2,19384.61538,,,,,,
,357,18,1.7,19961.53846,,,,,,
,357,19,1.2,20538.46154,,,,,,
,357,20,0.7,21115.38462,,,,,,
,357,21,0.2,21692.30769,,,,,,
,357,22,-0.3,22269.23077,,,,,,
,357,23,-0.8,22846.15385,,,,,,
,357,24,-1.3,23423.07692,,,,,,
,358,1,-1.7,23884.61538,,,,,,
,358,2,-2.1,24346.15385,,,,,,
,358,3,-2.5,24807.69231,,,,,,
,358,4,-2.8,25153.84615,,,,,,
,358,5,-3,25384.61538,,,,,,
,358,6,-3.2,25615.38462,,,,,,
,358,7,-3.4,25846.15385,,,,,,
,358,8,-3.5,25961.53846,,,,,,
,358,9,-3.6,26076.92308,,,,,,
,358,10,-2.3,24576.92308,,,,,,
,358,11,-0.7,22730.76923,,,,,,
,358,12,0.8,21000,,,,,,
,358,13,2,19615.38462,,,,,,
,358,14,2.6,18923.07692,,,,,,
,358,15,2.7,18807.69231,,,,,,
,358,16,2.4,19153.84615,,,,,,
,358,17,1.3,20423.07692,,,,,,
,358,18,1.2,20538.46154,,,,,,
,358,19,1,20769.23077,,,,,,
,358,20,0.9,20884.61538,,,,,,
,358,21,0.7,21115.38462,,,,,,
,358,22,0.6,21230.76923,,,,,,
,358,23,0.5,21346.15385,,,,,,
,358,24,0.3,21576.92308,,,,,,
,359,1,0.3,21576.92308,,,,,,
,359,2,0.4,21461.53846,,,,,,
,359,3,0.5,21346.15385,,,,,,
,359,4,0.4,21461.53846,,,,,,
,359,5,0.7,21115.38462,,,,,,
,359,6,0.8,21000,,,,,,
,359,7,0.9,20884.61538,,,,,,
,359,8,0.9,20884.61538,,,,,,
,359,9,1.1,20653.84615,,,,,,
,359,10,1.4,20307.69231,,,,,,
,359,11,1.8,19846.15385,,,,,,
,359,12,2.1,19500,,,,,,
,359,13,2.4,19153.84615,,,,,,
,359,14,4.5,16730.76923,,,,,,
,359,15,5.6,15461.53846,,,,,,
,359,16,6,15000,,,,,,
,359,17,5.4,15692.30769,,,,,,
,359,18,5,16153.84615,,,,,,
,359,19,4.6,16615.38462,,,,,,
,359,20,4.3,16961.53846,,,,,,
,359,21,3.9,17423.07692,,,,,,
,359,22,3.5,17884.61538,,,,,,
,359,23,3.2,18230.76923,,,,,,
,359,24,2.8,18692.30769,,,,,,
,360,1,2.1,19500,,,,,,
,360,2,1.4,20307.69231,,,,,,
,360,3,0.7,21115.38462,,,,,,
,360,4,0.2,21692.30769,,,,,,
,360,5,-0.2,22153.84615,,,,,,
,360,6,-0.6,22615.38462,,,,,,
,360,7,-0.9,22961.53846,,,,,,
,360,8,-1.3,23423.07692,,,,,,
,360,9,-1.4,23538.46154,,,,,,
,360,10,-1.3,23423.07692,,,,,,
,360,11,-1.5,23653.84615,,,,,,
,360,12,-1.5,23653.84615,,,,,,
,360,13,-1.7,23884.61538,,,,,,
,360,14,-1.9,24115.38462,,,,,,
,360,15,-2,24230.76923,,,,,,
,360,16,-2.3,24576.92308,,,,,,
,360,17,-1.9,24115.38462,,,,,,
,360,18,-2.3,24576.92308,,,,,,
,360,19,-2.8,25153.84615,,,,,,
,360,20,-4.3,26884.61538,,,,,,
,360,21,-3.9,26423.07692,,,,,,
,360,22,-3.7,26192.30769,,,,,,
,360,23,-4,26538.46154,,,,,,
,360,24,-4.7,27346.15385,,,,,,
,361,1,-4.5,27115.38462,,,,,,
,361,2,-4.6,27230.76923,,,,,,
,361,3,-4.7,27346.15385,,,,,,
,361,4,-4.7,27346.15385,,,,,,
,361,5,-4.7,27346.15385,,,,,,
,361,6,-4.8,27461.53846,,,,,,
,361,7,-4.8,27461.53846,,,,,,
,361,8,-4.9,27576.92308,,,,,,
,361,9,-4.8,27461.53846,,,,,,
,361,10,-4.7,27346.15385,,,,,,
,361,11,-2.3,24576.92308,,,,,,
,361,12,-1.9,24115.38462,,,,,,
,361,13,-2.1,24346.15385,,,,,,
,361,14,0,21923.07692,,,,,,
,361,15,0.5,21346.15385,,,,,,
,361,16,0.7,21115.38462,,,,,,
,361,17,0.2,21692.30769,,,,,,
,361,18,-0.7,22730.76923,,,,,,
,361,19,-0.9,22961.53846,,,,,,
,361,20,-1.1,23192.30769,,,,,,
,361,21,-1.4,23538.46154,,,,,,
,361,22,-1.6,23769.23077,,,,,,
,361,23,-1.9,24115.38462,,,,,,
,361,24,-2.1,24346.15385,,,,,,
,362,1,-2.4,24692.30769,,,,,,
,362,2,-2.6,24923.07692,,,,,,
,362,3,-2.8,25153.84615,,,,,,
,362,4,-3,25384.61538,,,,,,
,362,5,-3.1,25500,,,,,,
,362,6,-3.2,25615.38462,,,,,,
,362,7,-3.3,25730.76923,,,,,,
,362,8,-3.3,25730.76923,,,,,,
,362,9,-3.3,25730.76923,,,,,,
,362,10,-1.2,23307.69231,,,,,,
,362,11,0.5,21346.15385,,,,,,
,362,12,2,19615.38462,,,,,,
,362,13,3.7,17653.84615,,,,,,
,362,14,4.4,16846.15385,,,,,,
,362,15,5.1,16038.46154,,,,,,
,362,16,5.2,15923.07692,,,,,,
,362,17,4.1,17192.30769,,,,,,
,362,18,2.8,18692.30769,,,,,,
,362,19,2.6,18923.07692,,,,,,
,362,20,2.3,19269.23077,,,,,,
,362,21,2.1,19500,,,,,,
,362,22,1.8,19846.15385,,,,,,
,362,23,1.6,20076.92308,,,,,,
,362,24,1.3,20423.07692,,,,,,
,363,1,1.1,20653.84615,,,,,,
,363,2,0.8,21000,,,,,,
,363,3,0.5,21346.15385,,,,,,
,363,4,0.3,21576.92308,,,,,,
,363,5,0.2,21692.30769,,,,,,
,363,6,0,21923.07692,,,,,,
,363,7,-0.1,22038.46154,,,,,,
,363,8,-0.2,22153.84615,,,,,,
,363,9,-0.1,22038.46154,,,,,,
,363,10,1.1,20653.84615,,,,,,
,363,11,3.7,17653.84615,,,,,,
,363,12,5.4,15692.30769,,,,,,
,363,13,6.5,14423.07692,,,,,,
,363,14,6.8,14076.92308,,,,,,
,363,15,6.5,14423.07692,,,,,,
,363,16,5.8,15230.76923,,,,,,
,363,17,4.9,16269.23077,,,,,,
,363,18,3.9,17423.07692,,,,,,
,363,19,4,17307.69231,,,,,,
,363,20,4.2,17076.92308,,,,,,
,363,21,4.4,16846.15385,,,,,,
,363,22,4.6,16615.38462,,,,,,
,363,23,4.7,16500,,,,,,
,363,24,4.9,16269.23077,,,,,,
,364,1,5,16153.84615,,,,,,
,364,2,4.9,16269.23077,,,,,,
,364,3,5,16153.84615,,,,,,
,364,4,5.2,15923.07692,,,,,,
,364,5,5.2,15923.07692,,,,,,
,364,6,5.3,15807.69231,,,,,,
,364,7,5.4,15692.30769,,,,,,
,364,8,5.4,15692.30769,,,,,,
,364,9,4.9,16269.23077,,,,,,
,364,10,6.1,14884.61538,,,,,,
,364,11,6.8,14076.92308,,,,,,
,364,12,7.6,13153.84615,,,,,,
,364,13,8.2,12461.53846,,,,,,
,364,14,8.5,12115.38462,,,,,,
,364,15,8.6,12000,,,,,,
,364,16,8.2,12461.53846,,,,,,
,364,17,8.1,12576.92308,,,,,,
,364,18,7.7,13038.46154,,,,,,
,364,19,7.5,13269.23077,,,,,,
,364,20,7.2,13615.38462,,,,,,
,364,21,7,13846.15385,,,,,,
,364,22,6.7,14192.30769,,,,,,
,364,23,6.5,14423.07692,,,,,,
,364,24,6.1,14884.61538,,,,,,